NDVI,Temperature
0.676944992,24.62732546
0.414781464,27.67199922
0.723610333,23.51581992
0.405611236,11.47379717
0.465991759,22.50260466
0.507519642,23.98929713
0.4990185,21.08757508
0.602585305,23.70674967
0.500893178,16.01567426
0.558418874,26.09024946
0.827393952,26.66597505
0.450834143,20.51358956
0.606861126,23.23919026
0.282416994,16.27354161
0.699987584,15.51342554
0.677382163,32.80729465
0.605979258,24.92136144
0.393388457,28.91444953
0.575434728,23.17415287
0.578472422,21.90032531
0.339449739,15.32439036
0.874589993,25.79255123
0.514257855,27.09471949
0.547980438,22.11730391
0.413689076,18.22222015
0.364476164,22.27175357
0.588369962,24.75670125
0.432226593,22.407632
0.632802357,32.52775591
0.432373491,31.19626986
0.686555051,23.52927828
0.585801923,32.97586803
0.622830992,22.93314834
0.676933643,14.50302138
0.420933955,27.98565026
0.186514253,33.20657932
0.75832867,27.00962109
0.552602973,18.20343382
0.651022513,34.43764387
0.137263172,36.89560513
0.428348966,18.38405625
0.507800416,31.96874987
0.31189054,29.76103195
0.180016237,20.36471638
0.385192898,25.19287843
0.432499072,18.20581271
0.920239436,24.1360324
0.669348257,25.01802825
0.677149201,22.24847045
0.540466416,31.25264989
0.391622974,14.53600478
0.229829832,30.61305917
0.454371807,24.43534977
0.72928239,28.70875449
0.56772042,32.64906114
0.418558014,28.3790242
0.829824391,16.66490768
0.68909816,27.63322677
0.438227622,27.02596579
0.671159051,25.98050831
0.645019871,24.05035525
0.382939938,21.26669484
0.897086125,20.89873494
0.36118821,24.24497366
0.454469334,29.5528579
0.532645168,20.55242568
0.242411266,27.69577047
0.399448595,23.33872635
0.615395332,32.09055205
0.448171059,25.63443532
0.503043177,29.21428316
0.626328517,29.61955638
0.601655121,21.13400172
0.471311265,20.00120497
0.625127357,23.43895175
0.531655518,20.44439625
0.845075987,35.80118756
0.511115234,22.77332555
0.653465208,29.32724285
0.494553352,25.0119241
0.408259212,27.14557107
0.460583709,18.4716653
0.568828531,18.77312447
0.510412231,27.63870248
0.629308864,28.94640158
0.448967468,29.69880466
0.594402904,26.56649313
0.510210065,22.93029881
0.33618476,25.12045222
0.365302109,16.76717582
0.752487916,21.26916975
0.575534467,31.87314749
0.7019919,30.85180425
0.324185159,24.26282311
0.441701905,15.8242593
0.619718507,26.12088848
0.388454276,21.40956366
0.579620637,28.30289798
0.634467897,24.60094951
0.321138386,24.32403225
0.640480335,25.53126459
0.415045741,28.22786848
0.266742086,20.62893354
0.564797101,24.31220017
0.178444242,31.15606507
0.365640577,31.8722134
0.550558352,32.32898555
0.538419891,18.86683766
0.500015783,28.27011542
0.664436914,27.63911251
0.690086211,26.7795381
0.553862662,30.02026572
0.432732262,14.56957878
0.508707013,24.91222071
0.315555811,28.21922725
0.734385068,24.11450868
0.085644293,33.1783292
0.495393589,29.70765239
0.481006611,30.04110378
0.342900195,22.09915459
0.259933529,28.16901848
0.272386175,22.09213054
0.605648427,18.45701526
0.163379021,24.19081427
0.049705925,27.0834005
0.460584097,30.7700367
0.466939812,30.70413279
0.381192644,31.97258598
0.398300725,27.04200649
0.607802495,26.10329625
0.331050616,23.85391395
0.315491259,18.67430851
0.601398099,30.50329055
0.446135633,20.24400205
0.577971965,24.79721071
0.337859015,19.93827182
0.574378626,21.92515553
0.660422624,20.81211239
0.559629489,27.43245565
0.70201111,16.86803639
0.576171191,24.0437643
0.561298008,26.14054987
0.550043344,22.09186659
0.645191762,19.30257283
0.62971923,23.21570735
0.374748008,24.3013893
0.478146844,27.18194482
0.525806433,21.91098755
0.655902651,15.77859115
0.482028935,30.24025863
0.52350607,25.80824428
0.597012375,28.35126065
0.417573708,35.65730441
0.460674408,22.39677709
0.486527592,23.17201571
0.563244896,30.99236505
0.328138724,27.8468891
0.65317842,21.29813407
0.667532677,27.43830768
0.351974547,22.48577908
0.388449446,21.6124755
0.581059237,24.19461661
0.342710413,23.45267953
0.85674792,22.69635861
0.755813556,26.0315622
0.422324123,20.51043877
0.897875834,25.42061588
0.667989102,23.26357563
0.649313746,26.7331122
0.410663767,25.74158589
0.547594444,23.85659443
0.7791504,15.66223552
0.6137946,19.45546197
0.371451263,20.46619527
0.698953473,28.32856962
0.603115374,19.13799663
0.56681702,21.81166857
0.504782893,23.74182701
0.339923055,26.85865165
1.047334136,34.90160196
0.453045419,30.06938903
0.481839047,29.16667325
0.495235329,23.15190217
0.327644083,21.7732487
0.488635256,25.44914549
0.522804311,17.15104042
0.780115292,32.14088871
0.573025117,30.95154656
0.45474073,18.74890324
0.597903126,24.10137321
0.380085705,31.01285663
0.360564981,23.17373016
0.703778364,26.50001542
0.305395077,25.16585761
0.441907792,27.67557453
0.280806759,22.49235384
0.116159045,33.23784347
0.34348981,17.95576074
0.326536425,30.22204085
0.381923888,22.51327958
0.345464326,26.44689737
0.46563187,30.9405748
0.365039634,23.64204896
0.427446604,24.04967206
0.632186818,28.43442697
0.462347964,23.02885406
0.440748331,27.00502889
0.495864939,21.77362168
0.481445417,22.58394648
0.440818493,28.14239263
0.437414153,21.72713255
0.477474375,24.96335348
0.5929342,16.00294335
0.441162503,27.54169011
0.393572746,26.96824136
0.699093346,34.14281119
0.392202429,21.4429099
0.398782068,31.14402704
0.578226513,29.13991607
0.142940837,22.81233416
0.593735213,33.84824374
0.568666997,27.81001694
0.685049194,17.56862845
0.50660589,25.09292776
0.59719654,30.5257599
0.679719924,29.97537779
0.372755032,23.15868709
0.324134563,25.53676501
0.661724212,17.64863965
0.329587154,25.78286382
0.066381725,25.74457066
0.580185134,23.18661534
0.689423106,26.41770044
0.543459524,18.99751141
0.595531352,29.50182206
0.644955092,15.15707434
0.594930397,28.32578911
0.412865707,28.73507814
0.463025783,13.50243818
0.7510077,31.57444504
0.63906775,27.23872948
0.484560751,22.01831114
0.443466223,25.67158016
0.828033197,30.93696455
0.427250801,28.33329979
0.49355055,27.35870552
0.745287519,23.73772242
0.305057811,25.2732007
0.683750457,29.63030842
0.475574032,26.28491746
0.532506875,28.47556902
0.796665722,21.14101567
0.461224972,30.27330183
0.183424279,31.45256711
0.652224403,28.50626342
0.715641838,23.38309586
0.114864872,24.14048396
0.489861235,30.40616999
0.669607757,30.49578573
0.604600889,20.3046594
0.254024951,30.85394715
0.40375552,24.77379938
0.343285614,21.52750345
0.678353545,20.47854065
0.51086219,25.62162621
0.709468738,23.64910714
0.674815503,20.71010088
0.559624671,24.03980065
0.558635008,28.65348499
0.382273447,21.97205383
0.560444491,18.72933557
0.650027509,23.29055834
0.531675157,32.60001737
0.625041032,20.98809223
0.473404007,25.0617507
0.253086897,29.45570752
0.363982967,20.11121682
0.368192331,22.64911146
0.536847124,32.78305164
0.38163139,16.35471734
0.429148796,22.05104961
0.281613417,20.73774257
0.635895612,23.71324685
0.687847095,23.9413782
0.384510783,23.87386673
0.282595327,28.29083867
0.753875967,32.63080492
0.381683717,27.23914822
0.185702916,38.51568974
0.747637983,29.05913955
0.674850112,21.07277074
0.58780377,30.57186927
0.49083312,23.03060873
0.668776085,22.28007599
0.529150374,31.70449042
0.480112627,27.776547
0.601497708,28.5859116
0.738899764,32.44610943
0.440507351,17.50274517
0.111302109,20.43265693
0.706588828,22.68130166
0.643089709,21.48805152
0.510428553,31.5613226
0.426483729,26.68283135
0.462357018,27.07992048
0.326960189,29.42628569
0.52662546,23.53366013
0.168254935,25.55521852
0.526434475,19.12545561
0.578223412,22.41512435
0.259780447,24.91677376
0.361553148,35.16539574
0.348125277,29.66606706
0.330846092,30.34932707
0.546373201,20.37282934
0.521275063,22.49339904
0.433556819,17.77128663
0.395411461,20.10102995
0.43621847,35.37817702
0.641253416,23.71379922
0.453876576,31.88780725
0.538913021,29.95352039
0.414261808,27.3800467
0.769784187,23.05133517
0.514153223,28.52475125
0.579343237,30.44913117
0.378484962,23.16512543
0.415836131,22.75773356
0.362767805,18.50528915
0.542142993,20.34473586
0.355145051,24.45370097
0.528325143,26.44094021
0.476921163,20.97552705
0.46506935,23.04133458
0.395398496,18.41523759
0.374202685,24.69944684
0.332788666,27.24824357
0.459545313,29.80691324
0.490835487,35.60558688
0.599280106,22.34166115
0.402549552,19.08946569
0.608507468,30.3585
0.453709951,22.50638947
0.703490345,27.44830355
0.39357815,17.81823196
0.898726304,29.63267302
0.661893728,25.54193651
0.499129067,24.2453337
0.527213984,24.31995124
0.729715624,24.65894935
0.283292444,36.43206769
0.524191219,31.87202055
0.451675901,25.99500865
0.517027206,31.50366419
0.50391968,30.39345303
0.553511295,23.03869256
0.693763071,20.95844519
0.381153826,25.16065312
0.476343132,31.57355969
0.530250955,20.39050895
0.567136836,15.37765056
0.597667606,22.50283773
0.713183874,29.64697852
0.538574346,21.13445688
0.429358091,26.86189118
0.323605819,33.73067908
0.456380875,19.3428694
0.28672577,12.72081633
0.590934502,31.8143362
0.647906052,17.3591811
0.631140052,31.1796719
0.584100755,19.7468939
0.821016254,27.815399
0.46040429,28.6356129
0.58149039,26.14895408
0.364134634,28.19473126
0.311321633,22.24137362
0.786291349,21.46786372
0.507649834,28.61378504
0.612590824,21.61608073
0.562119035,26.21966048
0.434712705,21.18903905
0.350459518,24.93579839
0.369585145,31.81114504
0.773312242,25.25134719
0.557357646,32.09382302
0.365943895,26.45768604
0.490601776,22.94442907
0.576622764,27.10221476
0.400980961,23.38732572
0.401616954,33.33832568
0.516211837,27.68440764
0.542886318,20.53755198
0.724540163,19.51708121
0.248104,26.81306158
0.734028429,22.08807667
0.180837205,19.44780074
0.39098336,28.80361597
0.214249509,25.58510624
0.587181534,25.09495006
0.691497781,24.683639
0.668083973,23.01350852
0.457706737,22.36278874
0.709903596,23.36405428
0.496407078,18.07346744
0.365811949,23.68081306
0.68710052,25.62129515
0.493854458,20.55071427
0.562615499,27.29943935
0.65280825,19.69400742
0.753605065,20.53533433
0.473478687,19.96959682
0.344322169,19.72506877
0.582308691,28.42945188
0.143587575,24.17523734
0.334165338,23.58089803
0.495303694,17.90101587
0.592595737,33.55467091
0.674271214,31.39632836
0.536658521,25.06739409
0.565435517,25.54910035
0.344027991,17.09569905
0.534554209,22.30702107
0.457341027,23.31425145
0.35346541,24.88963259
0.468766737,27.53492057
0.439987573,17.85192309
0.36957864,32.17385791
0.385423476,18.7160405
0.202272218,26.85181014
0.422235014,25.11315288
0.598831158,23.28550578
0.334025587,26.77559583
0.543721981,29.93024721
0.644480431,22.30992309
0.49691093,24.14470208
0.449557285,27.51269963
0.111023,20.38465529
0.510782029,19.30183105
0.619414801,19.20628013
0.362168683,24.45849733
0.524851976,29.17121486
0.55625791,21.05793322
0.631234552,33.12649616
0.809005631,26.11844026
0.179917291,25.24125875
0.597701634,22.9201658
0.395563172,28.99104167
0.296475718,27.98622464
0.713992346,14.78202155
0.693380345,21.65154326
0.40341088,29.65986274
0.382741789,16.88783274
0.72967216,32.40617078
0.478282891,25.38405106
0.661963385,18.97619751
0.343724121,21.89757298
0.513777793,20.56272955
0.594287381,25.16145204
0.668913749,26.17123325
0.611184681,24.15967077
0.625881088,23.98159771
0.764333649,31.69505384
0.248749018,28.44115882
0.423322801,30.95522974
0.296922743,18.49087041
0.47511839,20.90343405
0.692377583,29.60393389
0.491360433,20.99297163
0.370737205,31.15561988
0.195749325,24.57161284
0.476604521,29.45150319
0.565424354,27.89807598
0.520788507,25.31979207
0.442343649,34.32737781
0.659083352,19.36536708
0.451442072,19.85277448
0.564877534,22.42658253
0.310694199,33.23552326
0.390309878,19.15417045
0.537886805,32.33428171
0.442740667,17.13417365
0.371729151,22.81428567
0.544811738,32.15383312
0.300126126,18.24050666
0.557737994,24.72257537
0.247092365,16.33738364
0.441613128,19.66506269
0.500088407,27.08739233
0.584179051,24.963106
0.472656811,25.7307976
0.291502421,16.54468586
0.594199927,26.51761141
0.653069545,22.16178198
0.735966025,31.57966101
0.392508243,14.13541762
0.694115402,23.59325774
0.353505171,23.4340244
0.776006488,17.96314662
0.396683818,26.05482443
0.397958491,16.68894147
0.50464909,19.61884133
0.081494691,25.44957687
0.617086126,30.86427269
0.223399104,23.8007294
0.338962066,33.21319425
0.384996824,23.47421255
0.583889666,23.41730776
0.675993969,32.7852714
0.593875306,22.02608211
0.073079529,20.59395635
0.450741474,21.87597
0.76385813,23.92476309
0.405679958,28.69887877
0.656839494,32.23206878
0.396148299,23.96840236
0.555909281,16.47970773
0.551729556,25.15015543
0.578515083,23.46739053
0.589861772,21.6936793
0.401048953,23.0442069
0.30424911,24.72085208
0.614175814,24.54575884
0.660875245,22.98488889
0.407132583,25.61699107
0.248679515,30.22150892
0.577705705,28.50638257
0.525287046,31.19558904
0.470846442,34.86720733
0.216662407,27.03277549
0.741326198,38.28214632
0.615212568,30.24106276
0.421187156,35.33135827
0.385980246,24.86778522
0.437830557,27.50406413
0.700004309,27.66914672
0.637687752,21.45221958
0.404765272,26.3125627
0.440180516,26.53990439
0.577092256,23.58260668
0.691161032,34.51754611
0.531038672,28.21671963
0.79670426,23.34712231
0.56709842,28.44071046
0.734445881,29.98899731
0.373859237,20.00975
0.617789917,27.57668264
0.578701767,20.19407523
0.302289115,28.48077451
0.570778514,22.61111874
0.608640439,21.28132225
0.582567102,22.66210226
0.629265864,23.47296495
0.690639649,16.24389123
0.512544787,14.91242016
0.387255605,25.20139245
0.535104207,20.28833289
0.706227417,25.0286515
0.508865149,24.16438919
0.619028361,23.12014292
0.224936553,28.76916075
0.382837413,36.05488634
0.74762684,27.93789025
0.394376745,31.05499064
0.5119501,34.74112599
0.638163024,20.47448404
0.578589327,23.45159169
0.542618237,30.86503695
0.853398739,12.89081987
0.462977763,26.91466356
0.524868278,27.24541523
0.774336132,16.49949844
0.553296907,28.14172959
0.544731997,31.70197992
0.441766328,18.71282145
0.20545104,27.93607001
0.470041394,19.49978237
0.683723695,18.78030883
0.560166996,31.65987436
0.588195176,21.05383888
0.364068553,24.19911804
0.46450358,24.04515342
0.365950874,25.61365903
0.449444419,18.65302983
0.580023518,28.66645434
0.64835962,17.5727633
0.592823584,20.10469156
0.552582412,19.50203618
0.542926261,28.12677807
0.603505134,20.34084066
0.598596021,24.72109692
0.673718155,24.26525476
0.529548101,22.26123057
0.495995723,21.1163854
0.659875108,25.64999944
0.699806594,17.79431749
0.478343727,27.30919497
0.522360679,28.49598254
0.111394035,12.90675128
0.606338455,18.30375997
0.225743606,21.10569738
0.495671737,20.40320871
0.271825195,32.23069431
0.402373918,18.86078297
0.416607794,23.76852765
0.294060161,30.47546569
0.393131763,32.28251569
0.15446495,25.76981275
0.507000359,21.27002962
0.738560765,28.70783843
0.568041256,30.13937308
0.498439131,33.7406835
0.686878748,14.16652912
0.439039506,30.63626583
0.473985628,29.51384933
0.595147706,32.28806563
0.52752582,27.50222996
0.471224403,31.89534965
0.422045964,26.61697515
0.397919508,11.12286491
0.484867863,25.35812773
0.391166923,18.87876694
0.574932715,22.20634925
0.436372403,24.94519388
0.591417483,22.42742047
0.169905923,28.57624518
0.784874856,17.68064503
0.412660642,19.05121906
0.398225935,30.9333441
0.511685861,25.05211924
0.571924789,26.9777529
0.587787984,23.83879262
0.53124781,19.47910446
0.546026142,29.55190471
0.669733896,29.06552406
0.251581162,26.43405037
0.408844037,18.16394768
0.591642071,11.82130444
0.558094533,29.3461716
0.147582569,32.17262451
0.703550947,23.47834377
0.507504113,29.2530218
0.369444598,22.21782575
0.384162161,26.4841572
0.583290403,26.8896605
0.48002931,14.33198826
0.582303142,24.68815561
0.614464304,24.21051278
0.341715677,32.51413271
0.378457489,30.64965635
0.345026033,29.75978406
0.350156509,22.06476742
0.398561731,22.26839949
0.73326357,34.01700865
0.564856718,24.32364861
0.28202116,24.28025772
0.383728182,26.99819351
0.639231011,28.38063487
0.547145315,23.82984705
0.42497275,28.26342581
0.300616512,30.10206235
0.208221881,18.86846918
0.45865145,28.06954671
0.355627118,11.71477716
0.828049442,21.85498512
0.44944598,24.34002916
0.723590641,27.2222367
0.549925565,30.45591564
0.562514629,37.02284396
0.636216895,27.53703477
0.582733804,24.34364724
0.662482673,25.40901478
0.402967347,23.47830186
0.365667314,28.98863825
0.423073483,22.97699875
0.335045699,29.37947936
0.349803458,29.35258571
0.712394749,29.54900809
0.352219036,23.20622497
0.390667515,18.39346031
0.24632111,26.91993215
0.805808138,18.39241854
0.465517701,28.54667897
0.318906223,25.60296828
0.628657572,28.7613744
0.51990236,30.52337831
0.559411144,18.09582376
0.503291635,21.92137742
0.425731075,32.27918758
0.457477188,23.979271
0.442809762,26.34079055
0.148222644,26.26084575
0.495068509,21.57621109
0.386759284,28.83994625
0.553256171,24.36366463
0.470982656,22.56815534
0.220847578,27.09576576
0.340553989,17.91297667
0.61407369,31.92029103
0.59180092,18.48617641
0.514281079,22.17294048
0.307339636,26.725914
0.352829294,21.33459441
0.39834137,18.36834647
0.317762068,20.66937482
0.444587825,20.73246911
0.418429288,24.32064403
0.486429081,22.22264539
0.560255239,21.69636813
0.562821132,14.23243931
0.587798646,20.87851653
0.350480186,25.00304759
0.591013485,27.01755387
0.298586899,28.20356476
0.405348291,28.62698585
0.774209312,27.96576501
0.468036593,33.21533775
0.402509057,31.9167332
0.598395746,26.86991329
0.530910999,33.13663645
0.609697312,18.00343028
0.284887145,32.09510511
0.669642825,28.37546223
0.703681917,28.88222095
0.515947282,28.31597338
0.310271594,26.60510134
0.54138984,25.92989087
0.114972581,23.6226323
0.643018543,26.28558613
0.513674836,29.52447833
0.639816601,26.20006175
0.434715172,21.93044
0.751356182,24.81279439
0.85624716,17.48395217
0.215827994,27.05347012
0.697519193,27.57256744
0.634351143,24.65407421
0.488487305,23.23849685
0.565274274,19.51672109
0.610658391,17.46588177
0.310718406,17.80461555
0.376747076,18.21700727
0.769452309,22.58164499
0.61123485,12.38292707
0.795316337,31.27749024
0.635826408,29.62555665
0.471357682,29.60816249
0.310141165,20.72535827
0.542446101,21.00201133
0.274484616,26.81580545
0.533031733,21.06439766
0.114700904,17.24576108
0.757723794,28.97890803
0.313303779,29.95931964
0.550311707,16.20412934
0.460377372,29.82776413
0.625867417,13.6467694
0.395025926,19.21946523
0.770343777,30.73350916
0.44850968,25.32017543
0.784075911,31.59997313
0.746838543,29.70845301
0.646243012,21.88173181
0.673084602,34.10044044
0.477313438,26.52269882
0.3612929,27.30186751
0.574863879,25.16187184
0.950006044,19.74828224
0.3839179,23.17725541
0.707293868,27.97947576
0.332667604,25.59141516
0.511070272,24.35658554
0.337285475,29.00380123
0.663089054,31.73034875
0.559156865,24.16011256
0.5325862,23.93272392
0.766004553,22.76598598
0.519392457,26.22516156
0.421573961,18.03183154
0.785412195,26.57990395
0.303322003,26.22721194
0.476378226,25.84548621
0.561934043,25.21436053
0.535086578,31.19515727
0.721161958,23.51955788
0.60710764,25.10341619
0.421439131,24.76389558
0.401339708,25.59933611
0.565413882,20.8505522
0.754678056,30.35787626
0.612188527,20.02899714
0.345044817,29.5606334
0.375366196,16.39135163
0.37844594,18.57615319
0.608013141,31.35527396
0.51852363,25.84698828
0.380385879,19.29966952
0.425601911,20.19349554
0.333759142,21.6561825
0.502223497,26.23747282
0.613795417,25.39980811
0.483420283,21.09536196
0.430881067,33.1072352
0.52486923,25.2737085
0.185388897,26.20442666
0.653180128,15.53256624
0.691624997,29.7649792
0.429658034,29.56124369
0.140861021,22.35963231
0.355626522,28.32608522
0.521316398,26.53891231
0.709559095,33.90146294
0.442212064,18.34266945
0.641743048,25.65565295
0.589295705,25.7800947
0.310668492,20.30269361
0.550563807,24.0617095
0.487764193,29.55679129
0.633317499,19.4808239
0.259688709,29.63722089
0.188289009,23.18386972
0.084899971,17.47931356
0.537254071,26.4539463
0.576430149,22.38876338
0.47665028,35.70983841
0.46008413,23.0613984
0.82413679,19.20099068
0.535267924,30.23732385
0.597890893,24.608265
0.308963906,32.53980404
0.2381583,19.74940817
0.823092321,26.06329654
0.241239667,23.37206705
0.301846603,18.53165243
0.366698391,23.23090149
0.514511029,24.80036391
0.181686278,24.61760285
0.541359906,22.32919071
0.310949179,34.28520064
0.329932628,30.35914721
0.602397687,34.28986285
0.503055535,34.31033203
0.484825892,16.99257813
0.256659121,29.01125426
0.528003011,26.83736558
0.401425549,25.07476943
0.675262589,22.49828886
0.180650972,24.75076443
0.613889041,25.28469947
0.219592956,26.06551009
0.603869227,28.58512709
0.515177914,21.35629979
0.627706459,20.50487083
0.659922086,12.64637649
0.680551263,19.23446229
0.432573157,33.17577025
0.277206428,19.09123835
0.525643982,20.93901907
0.371017965,29.50413728
0.383255696,26.97732595
0.47355475,18.76148966
0.513180529,28.78185687
0.599908926,25.92649393
0.200774913,20.18523132
0.723759832,23.49772663
0.678080995,19.48952649
0.54892628,29.49629119
0.472174836,31.32768696
0.431659625,28.20344454
0.335262781,22.40309393
0.572421904,27.48233649
0.23724175,23.38853958
0.675527684,24.78650541
0.523073293,25.82871289
0.413295808,23.62144965
0.401249889,24.87856588
0.336403692,25.18221966
0.670635441,20.66546363
0.610349169,21.69634517
0.608268581,24.33975213
0.666621483,32.09626384
0.73793624,28.91402236
0.559680056,25.14565786
0.501311815,25.84047635
0.663456127,18.26287878
0.260014773,24.95585002
0.531292825,21.64578352
0.464324691,27.2634269
0.513440578,16.38091226
0.112481402,23.13721323
0.490375093,33.44594017
0.653388877,28.08685316
0.67014361,20.10762027
0.774678718,24.64944407
0.740143399,26.21850757
0.475865986,14.94344084
0.4088992,25.31458922
0.60928863,29.42174162
0.664322698,27.78981268
0.428316474,21.03304958
0.530409545,29.46651825
0.887198502,27.91126904
0.588804658,25.62355261
0.353210244,31.94210872
0.453231378,31.05609174
0.29514422,20.98914851
0.274793225,24.66884753
0.367003403,25.59940888
0.818739155,24.50822297
0.463595218,18.91288754
0.443742802,19.38055658
0.327175473,21.64806102
0.589367427,33.5056127
0.490147113,24.22882636
0.577674908,27.39060348
0.535899709,25.07935717
0.544579401,14.65536336
0.686292976,19.95370149
0.355479972,29.84799549
0.291048775,21.47909036
0.418406664,29.9433449
0.38940306,30.03978062
0.604067539,24.41867251
0.631005995,22.86499248
0.714996318,31.31711206
0.404308016,28.31226267
0.423444337,33.28240692
0.574624343,27.11295726
0.507866488,25.51121297
0.52415918,23.64948801
0.404444463,25.45137908
0.347025978,22.47759488
0.279194521,26.40177425
0.345426681,17.5468329
0.393012357,16.90977781
0.632553446,28.37476064
0.795102225,26.15330759
0.668192677,27.7218204
0.318941644,17.69307239
0.628634803,30.16738402
0.553285309,26.87334401
0.704823799,30.70804265
0.589683746,31.73477343
0.446544814,30.10736025
0.442606666,25.61544298
0.411228486,26.74811931
0.501874404,23.17295262
0.238194917,35.66188616
0.359027717,23.84708547
0.397468035,25.89741962
0.453680569,23.49318349
0.633504391,20.47580068
0.575816167,27.2650144
0.517544435,31.49066213
0.516065278,34.68444152
0.493351166,21.04031089
0.290523863,29.38581425
0.556248366,25.22950082
0.500275714,17.04062649
0.559721536,19.30064851
0.499442631,21.19839648
0.358713676,28.42500261
0.426142861,23.87591001
0.494854022,17.98433184
0.265347905,25.8858939
0.588965433,22.47148151
0.315634776,23.62071864
0.822975447,34.17380641
0.602719147,23.56639065
0.309134775,22.72732353
0.689387629,19.51780206
0.475076652,22.68290495
0.487272908,24.8811084
0.557164662,20.83041934
0.571345227,32.36565512
0.433425536,27.73853935
0.631086873,20.37914489
0.755523401,26.91056015
0.515997307,17.81738306
0.459084011,18.34413237
0.657760003,26.46003538
0.363686398,23.57471901
0.227766799,25.7177232
0.429591777,26.02608672
0.656415854,22.72415108
0.641207691,13.26572358
0.341708332,26.58063619
0.465876229,18.27526738
0.525684614,28.50729608
0.432999607,24.73766844
0.363458857,23.44906467
0.525505839,21.49270692
0.237059334,30.82611306
0.473014933,24.80862418
0.428088298,24.68818282
0.431408626,21.7464789
0.71379858,27.16012895
0.408138269,30.21414636
0.576101162,13.17663874
0.796578074,26.40448031
0.566597072,17.92253538
0.269283315,23.70644375
0.726947526,23.50834213
0.230079878,33.78064547
0.472000869,13.60138178
0.388071955,14.44187132
0.736505875,25.89985866
0.454280497,27.27519958
0.365693172,18.03776881
0.871857266,24.83317168
0.501646282,27.6792248
0.368741146,31.2848907
0.474814333,30.09374517
0.59068308,24.24226522
0.419984016,27.5793861
0.67395827,22.56202117
0.441368881,30.49171656
0.174772551,35.34179348
0.321373453,29.22406574
0.650587393,23.429477
0.249408518,21.20349935
0.553797049,24.7530749
0.583351157,29.97282611
0.584281998,20.67032112
0.406248972,15.1148855
0.424149644,25.26278939
0.564482011,39.78170844
0.412066684,30.62409555
0.59654311,25.03161749
0.173741333,25.86638329
0.156740495,23.18011856
0.226317712,27.56184253
0.390786083,27.08147916
0.207079128,14.64949257
0.457979475,19.71668841
0.601763469,32.89261787
0.571234548,19.5365686
0.38138235,29.0606339
0.667994469,21.24303623
0.121824605,25.86318352
0.307695793,30.57168095
0.378027416,25.22723151
0.261419357,16.7372983
0.523849395,19.57387906
0.479278469,24.47893196
0.123509086,28.96193447
0.726044478,27.49596096
0.710822124,26.02721733
0.341601392,25.75370024
0.751807135,20.3476126
0.425910486,26.39849057
0.544324102,19.98799874
0.347659431,24.0620419
0.361084585,28.35686018
0.181110484,30.81981278
0.437376694,20.39812196
0.347807471,22.98986403
0.641031397,22.58336141
0.682194362,16.94608305
0.351879316,29.97769326
0.346759563,19.46815796
0.269170576,17.30312847
0.556932748,19.85058536
0.479435625,27.6327627
0.397631014,17.90942618
0.410887137,16.09373432
0.488760626,15.66181848
0.606749199,23.18820741
0.547936139,24.77971904
0.576868794,36.85934307
0.69929444,24.21951564
0.713202132,22.70469295
0.418017597,29.14157617
0.685095841,24.08655819
0.683805338,29.77550941
0.488254924,25.05353081
0.588938627,37.64684383
0.355095599,27.21919716
0.514379564,30.09605695
0.565103689,28.20132722
0.684113825,13.53557076
0.590741138,22.31672574
0.632265726,20.51920628
0.70390823,31.92648467
0.341957501,31.98376502
0.731003567,18.47568891
0.442601388,23.68402832
0.336217877,21.05683431
0.685092486,25.71297825
0.512390563,24.64175722
0.455036186,29.04932095
0.509032494,29.4416227
0.543307113,25.92020936
0.602549329,24.42695143
0.449008604,18.87360846
0.50781819,18.37269287
0.479790339,24.09962445
0.478079598,21.56532547
0.483922822,25.49255337
0.640270766,14.9976817
0.406715452,16.50373545
0.493334153,24.44090871
0.092713798,29.31953941
0.480365098,15.6468644
0.354087871,17.76031773
0.544651818,30.86267212
0.354872361,23.95236487
0.391267349,27.88895442
0.761631751,20.50101202
0.760537478,25.21541148
0.229703612,19.33702372
0.794030348,23.404233
0.369756144,24.15535688
0.497785788,24.45862441
0.763865239,29.3342212
0.771480656,28.24318595
0.952973654,15.43014234
0.621365375,16.95777215
0.548288002,21.94578329
0.450063669,24.31252486
0.43061112,23.00920512
0.425896386,22.53675308
0.522419639,25.5859315
0.398062408,16.55817476
0.469673575,22.16547233
0.334398466,34.93264422
0.436225042,23.81737088
0.543211934,22.01489763
0.710098332,26.00658833
0.440649168,25.54895372
0.473215096,23.5448311
0.410468931,20.77060454
0.315622794,26.57977041
0.746571452,24.52831717
0.470349038,17.73000374
0.579473386,23.21450333
0.348207214,26.99040218
0.549417335,29.7558156
0.53792001,20.49724737
0.514431647,20.89929498
0.51394575,20.51264891
0.482902086,19.93936508
0.488097933,21.52889516
0.372772159,21.52628024
0.776803716,23.43678124
0.653263708,23.43543555
0.624212248,26.74092501
0.474852363,30.61969069
0.159753506,26.01230958
0.274234529,25.12162276
0.449239203,22.56844846
0.596334374,28.34869662
0.652317637,24.80341382
0.429687894,31.26767755
0.723642169,20.36298269
0.499536892,32.5638843
0.469712583,20.29718449
0.508518597,25.2125556
0.736986202,19.71343523
0.517586388,29.70276157
0.554609933,26.04189261
0.538987212,20.36031099
0.4978354,23.63005075
0.623681796,33.02760978
0.483060637,16.03681512
0.545324607,31.16034615
0.457434368,24.0522805
0.831735642,24.77554309
0.590141728,23.10223093
0.371112117,19.42757402
0.451590521,21.9828378
0.799555882,20.59708461
0.502310291,21.69503537
0.630360097,27.26651442
0.539076852,26.35705125
0.135423657,19.58623852
0.247159944,15.65210634
0.551089041,11.03831946
0.482817491,36.2844019
0.640812804,26.49802602
0.337214711,23.64653091
0.532580147,21.34509723
0.598331903,27.52389168
0.549693867,22.80775251
0.608552559,18.10401348
0.353450994,30.67336821
0.677401138,26.745032
0.507562024,27.13871582
0.744994068,27.27135183
0.382033149,18.74402788
0.560489742,26.73820013
0.431221974,24.81189648
0.375909773,29.07598609
0.56912044,27.95568713
0.521860325,30.99322882
0.357792775,24.10812496
0.474213024,20.16850494
0.237261524,22.70278054
0.457950534,22.04782506
0.474554079,16.09654802
0.579203677,23.05260067
0.537374361,28.10222641
0.405087311,25.11263211
0.330191403,17.80997612
0.376690932,26.4361052
0.61326664,23.53718929
0.630614806,18.87520404
0.175654008,33.50827037
0.404543932,23.74904849
0.445533812,17.20274784
0.554958289,29.65705222
0.579713962,20.02432374
0.589934662,28.53360348
0.498225084,25.67874746
0.383837059,15.93716687
0.438336212,23.03802105
0.438111699,29.60296656
0.482499049,22.45148895
0.277950946,33.64745446
0.396824691,13.38987051
0.719859348,23.66850369
0.511350005,16.15062741
0.576083151,27.915045
0.361577687,30.30387772
0.548088503,26.07912109
0.571748576,29.04863249
0.494987043,18.2882271
0.31313683,34.56632138
0.126468998,29.11560302
0.238596699,28.5396487
0.561944356,26.86033874
0.628510027,12.54139524
0.620695183,18.63314649
0.306535796,28.56262055
0.582604992,20.93199228
0.517383366,17.94297284
0.596614347,23.07612196
0.527998994,15.43392507
0.732022442,29.2505048
0.645394848,33.33074704
0.507172303,26.00983419
0.607867504,26.56927909
0.567754997,12.88368784
0.205072721,30.33203443
0.567372539,25.15140891
0.569875172,29.2075475
0.430765287,35.1177688
0.709978786,17.91292942
0.304604403,28.25536095
0.590813656,26.0173603
0.351788505,22.0146316
0.493413608,31.76682522
0.596295977,25.10424289
0.549325389,22.67942858
0.370243936,23.88729839
0.506019195,20.84743454
0.348626221,16.86304368
0.639760137,27.13372938
0.376639292,22.59154256
0.673341688,24.75519115
0.49239672,13.41922319
0.370073744,19.51545095
0.764260736,13.0654608
0.531732589,18.92829792
0.220484071,29.53669171
0.782632136,22.90575852
0.445845279,28.70748771
0.795119162,25.24085846
0.387243963,22.98309483
0.434167834,29.64398365
0.682389572,26.84283132
0.47506818,26.19643061
0.422960389,24.76087778
0.335905933,22.51877811
0.571748666,17.1407929
0.517545741,16.19724567
0.56346792,22.07090653
0.567373645,28.0133437
0.438790181,21.38448881
0.566456041,25.47904163
0.438261442,20.64089075
0.419756569,26.41706382
0.315566162,26.24401392
0.64884668,20.89856044
0.37744322,16.1523863
0.669006701,37.98880216
0.507909919,31.94153274
0.234796824,21.22422863
0.553492191,26.07775263
0.692840033,13.57860654
0.575717841,25.32145714
0.256863084,25.10163664
0.260853513,19.84007023
0.799771729,26.64179261
0.718134186,24.76780211
0.393685663,34.23738911
0.478570193,23.36344211
0.380055297,21.10821455
0.486440159,18.49646901
0.532415817,21.26831017
0.373490396,30.9932549
0.521122999,18.13617684
0.334918313,31.38314673
0.523070827,23.00882868
0.255548801,24.15531895
-0.001683127,22.77644301
0.409062782,24.67074337
0.486037797,20.23605135
0.51718212,25.92195645
0.496463178,22.57572443
0.290227535,28.61406512
0.767005026,36.00294145
0.417884961,31.63691544
1.024345604,25.17059446
0.409384567,27.70063665
0.397404804,24.1594624
0.66155745,28.51720782
0.316654764,25.34168064
0.335531852,17.84191623
0.649279071,24.20793267
0.614660618,29.74197368
0.411121472,23.9566205
0.238558553,20.23905942
0.776850938,28.7131232
0.525818899,18.0604536
0.44804899,21.83966133
0.200452361,28.48327089
0.540957702,29.49345126
0.431253916,24.04620206
0.355434107,36.06492033
0.60598828,21.34330628
0.598659903,24.99657526
0.518742796,16.7788088
0.682854098,30.69627183
0.520438795,22.23810609
0.440483669,28.55590998
0.540563128,33.52032348
0.444563794,25.04021896
0.603061412,21.57654139
0.565683032,25.47630852
0.700204772,21.50354354
0.304524827,17.34394574
0.433042897,28.93022393
0.674261536,19.26022578
0.355283186,29.00622529
0.641306351,25.22069132
0.265774654,35.36719387
0.546508069,24.4641796
0.747382252,33.86923691
0.789928636,25.89131596
0.333959506,37.57220852
0.484135188,15.43199994
0.322249793,25.20829735
0.735806325,16.38882527
0.494715422,14.27894224
0.359558081,24.87366995
0.259214085,17.29821503
0.238641946,9.403953619
0.451660001,22.84945448
0.447461143,28.99659156
0.528718959,20.35119744
0.555713408,22.18279572
0.452063492,30.98772176
0.418418004,18.08163635
0.533253832,26.29418004
0.662139757,27.52486003
0.630921604,25.55219554
0.366793086,31.9711123
0.67532786,30.20157048
0.599487906,21.0044835
0.394528299,30.26257599
0.447226649,24.91971429
0.649172798,29.93936821
0.450878594,22.30814396
0.486358754,29.04515359
0.565055248,28.8295133
0.326690428,21.21792482
0.414060618,23.68850171
0.376733656,28.42652982
0.407489868,25.20112459
0.512582646,14.53719311
0.229919625,30.26816861
0.428827081,20.57709508
0.507532378,26.68507263
0.383397282,25.23599199
0.611752225,26.15252449
0.495471432,27.41099676
0.6711449,28.60554009
0.494336635,19.05361462
0.456068596,24.66023039
0.370134996,21.48086337
0.62655863,32.22052725
0.631938142,32.61500091
0.527615616,22.24375657
0.390023569,17.6919594
0.357494399,23.43049269
0.425857191,33.36965477
0.357739424,20.35449849
0.699618721,26.42229285
0.19030198,21.04088666
0.850563042,15.3795589
0.451905836,21.88526506
0.570186619,22.14413383
0.492460665,30.40172933
0.646768498,30.34472738
0.473935763,28.1162431
0.619894404,20.24907176
0.351678994,26.2300737
0.638853559,37.12519523
0.415379168,17.65317227
0.358517675,26.67309525
0.191691548,37.92129903
0.78574391,17.98705112
0.535224772,24.12440122
0.648906793,30.85745751
0.550178718,17.87567525
0.521238621,19.56369688
0.383960364,21.7592577
0.445220929,29.15171238
0.522660223,29.72070135
0.512388558,32.06680469
0.718513495,23.14421359
0.427738773,24.85681555
0.351884916,26.82953339
0.421663444,13.43911488
0.436339262,21.89949369
0.689666096,24.30630946
0.513347962,29.7370395
0.449103334,13.23612307
0.572879632,23.75838515
0.703997965,14.43758988
0.113096294,16.4991549
0.697569267,25.90782281
0.223205264,30.45570554
0.482796665,26.7736708
0.610735184,27.25003599
0.61423985,22.05085979
0.538086006,17.12971681
0.493283553,29.67266069
0.277519793,34.1925364
0.443780916,29.77316208
0.547579347,26.70298776
0.712496313,18.87249508
0.627777568,28.21784705
0.56469353,34.57054809
0.637584008,27.56789619
0.285689725,23.83496278
0.470157056,33.38387723
0.431538453,27.3102795
0.58800014,21.22526226
0.544436581,29.83366407
0.471257378,29.51915973
0.642046855,24.69371409
0.523147984,29.78565247
0.597824806,29.52788487
0.59377594,17.07119878
0.274665463,26.94031638
0.628375432,30.29292185
0.537661732,24.87618419
0.783574091,19.500793
0.380655985,29.30013648
0.438342692,24.05957762
0.585061377,30.136493
0.545429852,24.2826925
0.572237914,28.2402357
0.719906145,24.36042266
0.7799179,26.63273188
0.626659603,25.06095933
0.331415539,19.38285331
0.63515041,34.57612819
0.638838151,28.19660369
0.447328764,25.45659058
0.465937471,32.93629136
0.507900467,29.38307729
0.373320297,22.57187496
0.611955847,29.11559924
0.700243171,27.99906178
0.368687686,22.82787199
0.499601371,21.69299884
0.595901827,25.89365888
0.266582311,33.85882962
0.599202628,21.90657319
0.613464113,26.0103296
0.508586734,19.38673937
0.157825771,22.61068057
0.517315795,26.41038476
0.404322002,36.96342202
0.51845898,26.19424823
0.568984666,22.73912794
0.588991506,32.89303212
0.448028897,21.43787878
0.604736229,16.08481521
0.376296057,21.30819118
0.441131125,23.78473639
0.608968669,13.32399713
0.496469752,23.13455896
0.591622723,16.34980595
0.634517613,23.6633232
0.183743856,25.97301206
0.404880878,17.4607878
0.592660473,21.99009835
0.728927097,31.49819511
0.358269871,32.60352911
0.278961304,27.43667273
0.869079931,27.07495696
0.604085846,19.53778654
0.485859182,18.49262716
0.667824481,26.61912737
0.51563338,24.77948832
0.471540313,23.53685757
0.779939123,22.28755897
0.636366647,23.84192475
0.530694383,23.75168498
0.421991394,27.20997519
0.571776716,30.44590589
0.822958819,21.58563874
0.769793882,30.5374291
0.420828998,23.90606922
0.238594892,22.80079887
0.659879744,29.28010253
0.629503653,33.96187701
0.523623849,24.1075997
0.59998604,25.17031074
0.405919386,31.21933309
0.583443073,30.68917655
0.474250709,22.97264096
0.569496342,12.89016691
0.488232952,19.17855242
0.50608513,16.24042824
0.534459907,22.52007919
0.845884718,17.78219428
0.704821636,25.64891113
0.753588027,21.57353634
0.518918139,22.97199296
0.422014668,25.14531044
0.596074794,31.98672017
0.4142753,29.73981347
0.616054072,20.61674346
0.24262539,18.98137515
0.376346674,28.44209204
0.153741142,35.76747593
0.654629692,27.00381317
0.366883734,37.02197898
0.398661123,24.51281525
0.613095546,25.6685592
0.603848359,23.5422911
0.285463012,30.46766721
0.516286448,27.23108538
0.396671222,25.37646877
0.496761825,31.78724725
0.568446871,23.7934692
0.584780072,14.765361
0.552633458,22.48960263
0.717287546,25.3610854
0.500705609,35.66689592
0.357606545,26.43707233
0.322161735,30.37075947
0.482014698,18.55884056
0.684345494,18.76404737
0.698733935,24.86164109
0.616909506,20.27652748
0.726784634,16.84292369
0.556134869,23.92823982
0.386455983,19.28897958
0.528096918,17.27134916
0.465205429,21.11203202
0.668993773,19.10389798
0.666174631,29.70383921
0.318960591,24.08048325
0.434902327,28.57892584
0.474407749,25.66542946
0.422233202,30.10850805
0.379766753,18.52098139
0.527314779,27.66063448
0.572446488,23.80595169
0.596260387,24.53017689
0.247681959,28.43774494
0.877396893,28.58777028
0.627979912,12.5677896
0.598263961,26.49402057
0.195336182,37.85642917
0.553825651,25.76219738
0.171796317,13.9459814
0.270240622,30.6805421
0.35045186,24.43151257
0.583840854,24.05162737
0.383649087,29.23236988
0.542586187,17.00540217
0.537098611,22.8977132
0.538053578,22.84540791
0.14180495,27.81767492
0.636074875,21.31782205
0.51590277,24.43302886
0.450437868,22.24998489
0.747948141,27.45709765
0.312563478,19.62839933
0.592551524,25.49055556
0.430985512,19.86533952
0.509656765,18.37495753
0.423179521,35.0051053
0.704372382,22.46269511
0.384982946,25.93277842
0.802762313,20.55627153
0.266333395,24.93927592
0.540470546,15.71259559
0.55338393,30.82554253
0.488319824,24.67002169
0.668942939,35.89534901
0.351438425,23.29105562
0.401945143,25.44407372
0.331699918,16.64461122
0.440042755,24.21740066
0.107191684,33.69701262
0.378134075,25.33415434
0.441074292,27.65713476
0.35264271,23.09488965
0.349630639,21.89915482
0.768227436,21.09579459
0.495712497,34.62243522
0.222847149,18.11922835
0.507667886,26.46242067
0.618498546,25.23999415
0.228574377,27.06374232
0.467269754,24.14612063
0.491538579,29.36346431
0.454169956,26.89011531
0.572084028,25.2132048
0.681598729,28.12042408
0.311522963,22.46782985
0.601042472,36.6276499
0.690487236,21.39746311
0.637070228,34.02658004
0.373298446,21.95556062
0.327595893,17.8940624
0.219829559,31.3837565
0.487969463,22.93505992
0.542125104,26.77638166
0.496258988,28.46215383
0.482230776,18.1071801
0.369071683,26.36176333
0.477597781,14.34121932
0.513288937,19.01922955
0.499003025,28.66775649
0.44529073,26.47185531
0.744207172,19.32585194
0.545655372,25.87989102
0.337213418,25.37082533
0.297304751,30.92263414
0.493169667,22.53072769
0.500929261,35.01419183
0.666071652,31.99858793
0.33871007,18.45440584
0.514580907,17.22964878
0.524374508,28.84525705
0.582707311,32.14868589
0.55027795,28.940749
0.286082932,29.13035512
0.312378242,17.55255312
0.64011409,20.42277124
0.744150278,30.47048527
0.606316133,29.11929299
0.458889635,23.6982895
0.342168168,20.337849
0.340799928,19.90762129
0.518833674,19.10160955
0.594225095,22.95546139
0.382316993,23.08355649
0.529117706,27.61731976
0.534209407,27.22091411
0.135715687,26.50341419
0.395639928,23.70912662
0.823467599,31.32078075
0.459020471,23.25108214
0.689516932,24.3390715
0.572405234,17.99061806
0.546538906,22.53445042
0.425853335,18.43956528
0.384290556,32.94231457
0.591386427,20.26493675
0.379067913,21.42367029
0.416602471,20.55767143
0.790305126,22.87028465
0.712089711,30.91893267
0.539160757,21.87895563
0.460537088,27.8208914
0.543815448,31.09978992
0.560246886,26.53878074
0.488850804,25.42576404
0.760881998,32.38828432
0.46224722,28.70908786
0.621675569,27.13206492
0.238422602,23.80142646
0.37484164,25.44161729
0.481511042,25.88261897
0.4624267,28.67371802
0.517599795,25.77094093
0.301856341,22.77684968
0.21193693,25.55353714
0.295664296,19.77588609
0.455274905,25.80000558
0.724238746,27.100935
0.540787915,32.19783763
0.658261986,35.11273225
0.336135233,22.45537105
0.231845433,21.19974065
0.612855738,20.42378123
0.435759305,29.57667815
0.490547215,17.33500433
0.51274243,26.00721422
0.396627421,23.00004792
0.633273609,25.01418056
0.513455521,36.68148436
0.290416763,31.50260103
0.225573585,21.88845177
0.371680533,25.8457919
0.388249896,25.42647359
0.801792568,22.47934892
0.394820073,20.2267194
0.582105131,27.40834842
0.468249985,27.60659741
0.385480983,22.88803068
0.46825035,27.07391289
0.466414909,23.16189104
0.81094729,29.92168962
0.548961218,25.15913679
0.430293392,24.73062643
0.422107054,28.20681907
0.754325653,27.98885413
0.519999419,27.01294309
0.630605446,23.07794475
0.279709507,24.9276629
0.479856198,27.01074078
0.569330445,27.55677834
0.223755585,29.76584876
0.595333482,25.17343898
0.464882331,19.80027214
0.413906492,26.52046218
0.723183067,25.02627789
0.593901322,21.80960899
0.711552319,24.3164854
0.404445769,27.36126386
0.589588721,31.02821914
0.310038093,17.74683053
0.38118862,22.09031977
0.464519496,32.45715758
0.794860408,28.47105645
0.679596906,25.20341417
0.563870304,18.03682942
0.551547877,28.4281132
0.238588018,28.65749032
0.551324909,27.211019
0.546374367,19.01776708
0.489044651,19.42582301
0.633702237,21.81054936
0.532508747,23.20734733
0.140488516,29.1671722
0.620616061,28.28854462
0.479818834,24.27391912
0.908779899,17.64402534
0.678022625,28.05489634
0.518251567,28.0708078
0.724770233,25.56366054
0.671987204,30.52639731
0.405859366,19.1616358
0.680684585,28.41995462
0.314246944,25.31573843
0.584769136,21.33652391
0.587548847,30.9167837
0.491947494,35.11701286
0.488513751,16.53130687
0.62499811,27.100373
0.336963837,28.67959251
0.498087152,26.36961521
0.401558457,19.12305224
0.571858305,26.48544421
0.424738271,19.51419624
0.437250023,21.77243093
0.400993573,33.36780697
0.750228986,27.39260705
0.737441587,27.16074233
0.666724869,24.92196147
0.474119808,23.18247625
0.271345633,21.90689722
0.627725362,22.76978721
0.264460363,28.92718547
0.512286154,26.32798262
0.636200428,26.74320365
0.497353984,28.29731303
0.39118462,33.05825251
0.352495094,20.52145605
0.288196824,24.11593389
0.601415132,31.33462443
0.750109846,12.98415182
0.425889163,27.7879321
0.201392423,25.44600869
0.25459605,19.46426076
0.321253053,33.14686624
0.589200384,30.55409887
0.398153656,19.32561684
0.933609168,29.5473672
0.469316375,24.62892099
0.506916739,28.41157226
0.496355042,15.84390011
0.410394662,28.95894236
0.794373657,32.31403418
0.697527193,33.33556678
0.544418048,27.15650795
0.374314242,25.01742298
0.548712138,22.05835112
0.649802749,24.21519387
0.778043789,23.13990453
0.578365153,29.3057465
0.64380079,27.56535455
0.484237552,32.01120606
0.478602158,24.6433055
0.508777311,17.94785884
0.45521935,31.08098574
0.453063353,27.91046707
0.445711531,18.86255099
0.293991184,22.31062657
0.488426424,27.50388416
0.621583895,26.42011621
0.761847535,24.80976912
0.424350793,26.71436684
0.547902013,30.38429686
0.886708935,16.66034292
0.444884707,19.53913216
0.42208773,22.07639343
0.411711268,26.43201915
0.367074466,17.89474592
0.4435917,19.60768863
0.531389171,19.87479688
0.479725954,16.53180927
0.843387624,30.6071319
0.526574347,25.88256846
0.490319825,20.56472666
0.350758628,32.87067007
0.655654586,29.80946064
0.412566882,26.3917819
0.575356291,19.38070896
0.406042891,28.18475725
0.599456813,26.21827672
0.920528851,17.67845816
0.756666208,26.23469483
0.402575183,24.22468091
0.454620276,32.33495883
0.564350831,28.62804416
0.376263152,32.29269467
0.529122804,25.1289593
0.284883665,23.9008688
0.616707169,22.77132156
0.604036789,31.44955767
0.609337355,16.12046311
0.40413352,21.51507009
0.578391753,29.38636606
0.558220206,18.77968045
0.462766342,30.12842554
0.503155369,28.69505955
0.543210225,19.43970058
0.484031582,25.82680288
0.436395697,22.44030471
0.611136795,30.81911355
0.428685595,23.70309117
0.27843466,27.77286115
0.287748937,20.67478656
0.396036915,21.22299109
0.692444134,19.14224074
0.690111904,24.66869879
0.722857357,25.71740296
0.375181681,23.39681358
0.463633916,25.52722566
0.471633016,24.73382599
0.274434006,28.76165558
0.387333966,20.06239689
0.526495873,23.98596266
0.514219904,30.46462184
0.49043652,28.86513449
0.601736774,27.2539489
0.496100954,23.4839855
0.342308658,27.4647229
0.430439828,31.25834949
0.317482194,26.42347406
0.214870315,30.48145
0.598522546,24.26089985
0.29173422,26.81784487
0.485898742,22.58122341
0.378190234,15.71857936
0.633246256,31.83144214
0.565153865,24.40485947
0.698883768,31.63040319
0.681723259,27.76100739
0.242002858,30.63049539
0.526315292,16.97439387
0.348128919,19.08228734
0.500375936,29.46904288
0.650209997,23.69538572
0.407719332,23.4818152
0.265735611,19.59414747
0.580934924,16.14369105
0.483970822,19.32670371
0.40099923,23.25341756
0.857631018,19.33031006
0.899199796,22.69189862
0.522597056,24.84785329
0.649718376,26.02331408
0.58684945,25.89238289
0.677879396,25.05550361
0.561684777,23.42364046
0.690986844,20.25253172
0.394334738,19.18532001
0.219351338,28.42561216
0.71258082,33.79770659
0.516708976,25.8781232
0.407233857,17.95683705
0.478322649,30.36230431
0.576933707,29.68232789
0.588993201,30.42570026
0.614151652,25.37034515
0.289067198,22.35573096
0.763767358,26.92062123
0.29554311,27.3209837
0.449303912,15.94414003
0.413312934,24.49453112
0.753839063,12.26269436
0.538005774,34.63451341
0.629375492,34.13110906
0.543516231,21.15693397
0.183589252,27.53519768
0.421063384,25.07619305
0.349314881,23.43792417
0.431888354,37.3722136
0.458526749,17.61748103
0.249929861,24.13161562
0.358016334,25.50623824
0.448670436,17.7620457
0.418991382,22.67518617
0.708490326,28.69500695
0.398288961,27.80827076
0.426465353,19.00026322
0.323818488,24.50080654
0.616976811,21.58330193
0.658770397,23.44664708
0.783363153,24.37168409
0.401342275,31.72598139
0.553456373,23.40331719
0.359793367,24.84768508
0.526335335,28.4192904
0.486279638,23.64435643
0.301490372,18.32847475
0.739080985,25.81009646
0.637567777,30.80132652
0.601549649,23.5389628
0.794732498,24.57359699
0.465687203,26.90462682
0.724073898,29.50413883
0.695635493,25.35308647
0.560544177,28.99462127
0.535608122,22.9389857
0.500168368,29.4249565
0.323891158,34.75112991
0.524724884,18.97611539
0.37347808,18.21044586
0.754438764,24.8261976
0.451371421,18.0284956
0.584168535,19.2487578
0.453677013,25.87413508
0.353998657,30.07213511
0.454776532,27.88844521
0.428554782,21.37008826
0.613062492,16.64523131
0.699121797,24.05565667
0.618242652,20.05743439
0.564075736,32.20871777
0.617028952,33.49503396
0.692891992,31.89139491
0.240179423,25.05493239
0.556838573,27.14878437
0.272625022,30.69794489
0.544837002,21.16533677
0.473529731,30.16296889
0.380624829,23.81459023
0.622073834,24.04727073
0.342475292,27.16621804
0.442413941,24.56350915
0.631134739,19.48796532
0.585367101,27.11219217
-0.032434584,27.69248303
0.300696407,15.19913952
0.499236491,24.16061593
0.590167155,19.94172816
0.264920841,32.26901392
0.454629784,24.05641266
0.561934788,28.45764575
0.464074308,22.9006703
0.508721526,30.99792352
0.458334888,21.63120885
0.601660173,28.13156589
0.464681103,23.02789594
0.61450148,28.43918333
