Temperature,NDVI
36.75,0.246
5.59,0.08
8.4,0.075
30.3,0.577
25.63,0.871
32.9,0.427
14.06,0.402
26.52,0.843
28.58,0.738
29.65,0.656
44.0,0.056
6.17,0.086
31.63,0.512
26.29,0.874
41.41,0.09
23.01,0.82
24.79,0.856
40.64,0.05
16.62,0.514
34.92,0.296
29.88,0.646
18.3,0.603
27.79,0.821
31.78,0.469
7.25,0.092
5.0,0.089
12.23,0.323
18.2,0.595
39.02,0.1
28.32,0.696
10.04,0.176
21.01,0.754
31.67,0.585
42.02,0.05
9.24,0.103
37.87,0.222
27.23,0.779
30.12,0.659
20.01,0.709
32.92,0.481
35.79,0.348
13.36,0.385
38.81,0.159
29.62,0.627
42.93,0.05
42.63,0.12
21.49,0.838
36.37,0.26
43.3,0.05
35.65,0.234
13.14,0.363
8.36,0.119
40.07,0.155
8.91,0.152
26.83,0.764
18.09,0.729
44.51,0.05
28.19,0.723
26.06,0.776
18.36,0.715
44.92,0.05
34.28,0.383
33.62,0.42
14.04,0.376
34.16,0.455
21.35,0.767
24.82,0.95
6.91,0.062
42.17,0.05
10.42,0.304
9.87,0.177
9.39,0.26
40.65,0.077
12.3,0.195
17.55,0.564
23.96,0.878
20.3,0.77
41.54,0.111
27.82,0.758
18.1,0.682
10.55,0.222
38.45,0.184
26.35,0.793
28.4,0.598
41.51,0.075
21.96,0.764
34.85,0.338
17.0,0.578
14.94,0.432
29.61,0.726
33.3,0.371
8.05,0.216
14.58,0.483
32.66,0.405
38.93,0.168
13.79,0.319
36.03,0.212
14.2,0.419
7.38,0.104
25.34,0.789
41.01,0.119
29.09,0.638
33.84,0.416
39.94,0.05
25.31,0.845
6.79,0.05
35.2,0.355
33.2,0.482
19.37,0.694
34.87,0.322
8.36,0.05
10.11,0.123
10.66,0.259
17.57,0.625
13.7,0.375
20.34,0.791
40.51,0.071
14.46,0.475
11.9,0.3
30.4,0.643
7.48,0.205
15.82,0.496
22.01,0.8
40.98,0.106
19.66,0.701
37.44,0.203
35.21,0.4
23.31,0.842
11.77,0.314
18.97,0.661
32.32,0.61
34.42,0.435
22.46,0.878
22.79,0.87
32.61,0.542
44.85,0.071
18.58,0.73
14.41,0.405
38.49,0.197
22.51,0.873
43.52,0.187
38.61,0.301
44.17,0.05
9.62,0.131
33.95,0.382
6.37,0.05
43.86,0.09
10.36,0.188
9.39,0.064
38.28,0.263
22.89,0.791
9.01,0.15
30.69,0.664
30.94,0.548
29.51,0.683
39.88,0.05
7.86,0.146
35.84,0.291
5.37,0.065
24.6,0.82
36.92,0.276
23.14,0.879
23.83,0.913
30.34,0.617
42.66,0.05
26.24,0.89
31.76,0.553
30.12,0.644
25.07,0.911
33.58,0.476
34.15,0.428
18.3,0.679
32.47,0.406
30.44,0.527
22.83,0.839
38.6,0.204
11.09,0.142
31.3,0.55
38.84,0.121
34.49,0.291
13.18,0.32
33.28,0.366
18.18,0.629
33.04,0.463
12.28,0.258
34.45,0.489
41.4,0.074
36.35,0.322
37.56,0.177
32.47,0.534
16.51,0.48
11.0,0.25
25.36,0.839
31.45,0.52
7.25,0.05
23.27,0.883
39.45,0.117
17.58,0.656
22.4,0.802
9.26,0.157
17.74,0.632
20.95,0.753
44.92,0.05
12.07,0.22
27.54,0.712
9.7,0.136
17.92,0.632
24.44,0.886
36.05,0.277
13.49,0.299
36.15,0.22
18.95,0.699
32.21,0.466
29.48,0.697
37.14,0.231
27.62,0.758
20.78,0.767
14.76,0.457
35.54,0.266
7.39,0.05
17.35,0.598
15.74,0.511
13.77,0.423
9.84,0.193
29.09,0.743
25.94,0.712
8.78,0.165
26.35,0.751
21.24,0.851
15.62,0.474
18.99,0.682
8.7,0.153
27.79,0.821
31.36,0.609
28.49,0.738
20.47,0.757
12.54,0.315
43.49,0.091
6.39,0.153
40.4,0.126
40.27,0.153
40.39,0.128
14.49,0.456
23.62,0.856
30.17,0.656
13.47,0.409
39.43,0.097
19.12,0.656
39.46,0.072
39.59,0.125
22.67,0.812
31.68,0.452
9.75,0.204
7.26,0.059
40.4,0.115
36.09,0.249
34.59,0.339
17.7,0.66
36.88,0.164
39.64,0.05
27.5,0.814
5.95,0.05
22.81,0.842
24.72,0.827
32.54,0.557
29.59,0.593
29.43,0.609
6.15,0.05
30.08,0.636
14.1,0.395
25.41,0.869
40.05,0.085
27.58,0.693
40.02,0.139
39.4,0.123
8.13,0.128
42.88,0.07
15.83,0.489
42.37,0.05
11.86,0.192
6.2,0.05
18.78,0.709
43.34,0.108
29.98,0.609
22.76,0.785
13.19,0.305
43.71,0.118
39.84,0.126
38.68,0.183
24.24,0.836
10.0,0.263
10.38,0.169
25.42,0.85
16.6,0.571
10.32,0.24
31.37,0.596
17.61,0.57
40.0,0.119
6.37,0.063
12.42,0.276
15.65,0.539
37.6,0.209
5.57,0.05
32.17,0.549
31.26,0.605
6.75,0.074
25.82,0.8
9.65,0.096
19.6,0.696
39.81,0.201
9.52,0.156
29.51,0.653
21.51,0.887
41.8,0.085
33.0,0.484
36.14,0.28
7.27,0.05
11.46,0.281
13.59,0.47
34.91,0.267
18.12,0.661
15.37,0.445
33.81,0.423
16.23,0.565
34.51,0.388
8.64,0.082
7.92,0.094
36.93,0.233
14.82,0.501
25.82,0.892
23.39,0.855
42.07,0.05
28.32,0.769
37.43,0.295
23.11,0.9
26.5,0.767
6.41,0.079
12.45,0.193
30.19,0.667
36.87,0.26
44.74,0.091
17.57,0.611
14.79,0.509
39.28,0.144
21.5,0.822
5.17,0.191
39.39,0.098
34.05,0.288
34.99,0.32
21.04,0.801
18.91,0.67
26.71,0.786
25.54,0.821
21.09,0.815
43.73,0.05
25.98,0.731
10.6,0.292
16.19,0.475
41.75,0.069
12.97,0.445
37.95,0.249
35.92,0.351
10.56,0.192
39.6,0.122
36.4,0.269
31.05,0.526
36.46,0.188
26.6,0.802
17.39,0.641
11.9,0.249
12.27,0.296
41.93,0.05
43.12,0.093
32.0,0.429
32.51,0.399
31.96,0.473
6.72,0.071
18.68,0.632
34.87,0.332
28.14,0.787
31.08,0.556
40.41,0.074
20.36,0.743
42.19,0.053
37.21,0.193
7.57,0.151
40.31,0.065
32.55,0.496
41.67,0.09
17.09,0.595
43.66,0.05
21.66,0.724
10.83,0.183
24.23,0.85
14.5,0.428
25.79,0.807
20.92,0.763
41.65,0.12
40.8,0.069
18.55,0.735
18.11,0.652
10.34,0.228
43.75,0.078
5.13,0.05
6.95,0.079
14.14,0.344
23.74,0.794
40.62,0.05
8.75,0.141
18.74,0.681
26.68,0.79
20.11,0.713
26.61,0.847
38.96,0.188
17.25,0.626
21.84,0.686
19.2,0.709
37.28,0.228
42.24,0.078
26.22,0.756
21.89,0.835
11.16,0.269
18.76,0.677
28.36,0.681
11.11,0.139
20.99,0.787
39.53,0.183
17.17,0.662
30.53,0.715
19.45,0.722
15.87,0.467
20.86,0.815
20.86,0.702
26.39,0.861
6.16,0.05
28.88,0.571
37.11,0.24
24.95,0.811
15.51,0.469
28.3,0.684
5.58,0.104
13.77,0.358
5.77,0.05
34.56,0.376
20.06,0.793
33.93,0.533
27.18,0.814
40.67,0.182
41.41,0.093
23.22,0.804
38.89,0.053
44.12,0.088
9.69,0.105
41.58,0.052
9.18,0.262
29.24,0.683
42.56,0.098
10.39,0.292
34.95,0.353
43.13,0.05
13.65,0.445
24.06,0.856
12.7,0.318
25.33,0.829
11.96,0.271
26.17,0.744
5.09,0.05
36.64,0.271
28.05,0.812
14.53,0.431
20.79,0.81
32.31,0.503
30.12,0.673
9.06,0.187
22.13,0.826
16.31,0.463
19.98,0.762
32.83,0.487
32.42,0.47
31.29,0.614
24.85,0.862
38.53,0.089
12.82,0.285
10.97,0.334
27.53,0.73
24.12,0.807
35.92,0.379
20.45,0.753
43.6,0.05
31.07,0.631
28.43,0.806
41.39,0.057
12.34,0.264
36.72,0.224
17.13,0.512
29.26,0.667
41.08,0.064
9.52,0.117
9.6,0.142
37.25,0.214
34.57,0.295
7.82,0.05
28.11,0.757
40.19,0.089
20.06,0.723
32.48,0.428
26.5,0.841
15.76,0.534
15.39,0.559
11.75,0.26
18.46,0.68
15.5,0.403
8.34,0.105
12.74,0.299
43.87,0.088
30.68,0.508
42.0,0.05
28.61,0.679
44.61,0.05
33.34,0.395
22.26,0.832
28.93,0.705
38.11,0.27
16.24,0.465
36.79,0.209
17.03,0.676
8.51,0.129
31.55,0.598
10.0,0.177
28.62,0.708
19.31,0.695
21.79,0.772
16.77,0.407
39.11,0.169
34.42,0.283
41.93,0.05
34.18,0.383
11.8,0.278
39.54,0.097
40.6,0.111
39.7,0.166
35.78,0.277
39.11,0.084
16.25,0.5
37.89,0.113
36.24,0.127
42.43,0.05
26.78,0.752
8.38,0.216
34.35,0.422
35.29,0.312
35.51,0.336
28.95,0.688
31.46,0.491
9.48,0.21
22.88,0.858
19.75,0.712
17.7,0.613
11.7,0.279
34.04,0.387
27.59,0.749
42.32,0.05
16.89,0.637
19.74,0.717
14.9,0.503
16.07,0.52
29.6,0.636
40.64,0.131
10.49,0.21
40.33,0.077
21.31,0.737
27.05,0.795
44.41,0.05
18.28,0.67
37.48,0.296
30.67,0.69
22.54,0.819
11.15,0.262
13.4,0.315
15.53,0.45
18.67,0.668
8.5,0.156
8.42,0.195
31.73,0.54
20.3,0.777
14.71,0.443
42.26,0.112
42.91,0.079
24.18,0.847
29.63,0.669
26.51,0.867
24.53,0.822
24.38,0.823
30.61,0.646
8.55,0.139
34.74,0.335
17.13,0.646
24.2,0.9
11.45,0.251
44.59,0.05
11.83,0.385
8.57,0.154
9.03,0.2
27.69,0.9
38.51,0.098
10.16,0.156
5.12,0.05
26.3,0.753
39.71,0.114
43.93,0.05
38.72,0.126
43.09,0.093
7.58,0.099
28.29,0.73
10.31,0.09
40.76,0.151
23.71,0.85
35.06,0.325
14.2,0.432
23.75,0.807
10.64,0.298
19.64,0.737
16.05,0.515
7.66,0.104
26.87,0.829
29.23,0.6
28.86,0.775
26.91,0.826
12.35,0.252
34.52,0.337
23.07,0.863
5.31,0.066
26.27,0.831
10.69,0.176
13.53,0.421
42.99,0.05
29.57,0.723
38.73,0.228
24.36,0.826
30.94,0.617
41.58,0.172
27.67,0.799
12.39,0.347
27.52,0.707
16.0,0.525
37.24,0.199
11.68,0.201
7.08,0.164
17.06,0.514
29.47,0.517
33.47,0.428
11.19,0.248
23.34,0.742
9.46,0.091
15.27,0.403
35.97,0.178
26.88,0.809
11.67,0.313
17.09,0.615
16.09,0.46
39.31,0.07
5.34,0.05
16.28,0.474
39.59,0.189
17.76,0.633
21.61,0.794
11.22,0.225
26.58,0.854
39.47,0.056
29.37,0.712
15.3,0.56
9.51,0.177
23.53,0.776
44.22,0.05
19.98,0.791
36.93,0.216
26.49,0.814
26.68,0.843
44.11,0.05
21.9,0.81
41.97,0.056
19.43,0.72
37.89,0.334
8.64,0.141
30.41,0.588
22.46,0.95
37.67,0.171
35.28,0.301
30.05,0.626
7.85,0.05
15.58,0.412
42.36,0.059
43.54,0.112
38.61,0.157
34.98,0.389
28.38,0.731
36.36,0.194
29.52,0.66
23.54,0.88
20.69,0.776
22.13,0.848
19.74,0.698
27.62,0.745
32.74,0.449
6.87,0.05
18.66,0.708
14.07,0.423
32.22,0.467
35.36,0.265
22.25,0.902
41.07,0.05
22.04,0.893
7.8,0.182
16.47,0.548
31.44,0.508
26.31,0.803
10.38,0.189
14.38,0.456
39.25,0.238
23.72,0.872
12.21,0.306
35.73,0.31
5.6,0.05
34.01,0.365
32.38,0.514
35.25,0.336
7.29,0.109
17.87,0.643
29.43,0.681
14.76,0.464
17.45,0.603
24.58,0.856
16.46,0.61
40.44,0.056
37.85,0.299
10.06,0.107
36.87,0.268
12.71,0.363
15.65,0.458
27.27,0.752
26.06,0.874
22.24,0.884
39.44,0.128
9.28,0.264
25.97,0.793
36.26,0.316
39.48,0.145
29.93,0.662
27.55,0.782
31.69,0.416
19.76,0.609
39.51,0.14
41.11,0.05
21.09,0.703
30.92,0.619
24.22,0.852
39.86,0.121
7.02,0.102
32.14,0.503
15.71,0.544
30.19,0.593
9.76,0.235
19.48,0.724
5.21,0.05
29.44,0.734
41.24,0.088
27.08,0.823
24.28,0.805
42.7,0.094
8.94,0.187
11.98,0.239
12.03,0.244
21.94,0.84
16.48,0.595
23.99,0.847
33.35,0.413
33.49,0.412
42.25,0.054
26.43,0.677
21.53,0.711
31.27,0.526
20.14,0.698
22.7,0.898
40.99,0.062
41.9,0.083
44.97,0.05
24.6,0.865
28.92,0.758
26.99,0.75
30.92,0.631
30.42,0.652
21.77,0.821
27.3,0.784
6.01,0.07
37.92,0.198
23.53,0.795
42.5,0.174
13.72,0.354
21.2,0.853
43.95,0.124
9.66,0.107
26.06,0.91
26.56,0.862
43.85,0.05
7.48,0.089
14.41,0.452
32.4,0.387
32.66,0.49
35.11,0.272
31.43,0.532
32.26,0.471
44.9,0.056
28.8,0.766
31.2,0.564
5.72,0.077
25.41,0.762
26.2,0.791
27.99,0.837
11.62,0.239
15.7,0.477
9.54,0.136
35.91,0.298
28.64,0.698
27.52,0.762
7.73,0.131
37.88,0.286
12.95,0.337
29.08,0.561
17.81,0.642
27.65,0.694
40.98,0.211
22.56,0.834
35.79,0.198
32.07,0.557
17.03,0.597
20.6,0.781
44.36,0.05
17.96,0.602
32.06,0.503
36.42,0.321
42.5,0.083
17.99,0.579
24.41,0.85
38.88,0.161
40.07,0.107
30.15,0.683
34.67,0.389
23.74,0.88
25.89,0.721
38.59,0.262
32.51,0.498
26.53,0.782
17.47,0.596
24.41,0.833
34.47,0.325
44.79,0.05
20.74,0.782
19.92,0.768
37.29,0.239
35.5,0.244
27.52,0.747
31.27,0.507
15.66,0.494
37.17,0.169
34.32,0.338
33.94,0.368
36.25,0.255
34.59,0.342
28.21,0.706
22.26,0.899
25.5,0.738
30.3,0.658
40.74,0.15
33.15,0.391
40.8,0.05
9.55,0.088
38.62,0.131
37.19,0.221
43.75,0.098
38.87,0.204
22.78,0.877
31.51,0.489
24.81,0.88
5.66,0.083
7.33,0.05
12.59,0.325
39.84,0.14
9.81,0.174
28.71,0.699
28.37,0.663
24.69,0.902
35.34,0.232
39.77,0.097
30.37,0.568
40.76,0.133
29.14,0.76
9.01,0.107
20.77,0.748
26.32,0.771
32.09,0.451
8.86,0.186
44.96,0.114
34.62,0.409
31.05,0.548
34.53,0.361
12.64,0.283
6.98,0.135
29.91,0.699
43.11,0.053
27.46,0.787
7.16,0.121
41.39,0.137
33.53,0.354
44.22,0.118
7.81,0.06
44.79,0.05
42.63,0.05
37.86,0.185
10.52,0.204
40.1,0.05
30.29,0.621
11.66,0.22
40.32,0.216
35.41,0.354
34.77,0.336
8.05,0.107
39.69,0.13
11.18,0.249
41.21,0.072
39.22,0.273
13.45,0.486
24.22,0.905
44.93,0.05
30.27,0.585
30.98,0.592
22.03,0.835
38.13,0.211
39.2,0.126
32.63,0.572
6.32,0.05
29.47,0.68
23.0,0.827
28.86,0.674
42.64,0.162
26.53,0.835
18.51,0.642
41.16,0.05
35.38,0.314
29.07,0.655
21.31,0.735
9.11,0.229
43.59,0.05
21.82,0.831
10.41,0.18
29.18,0.706
43.7,0.05
42.9,0.05
43.53,0.118
43.7,0.05
5.39,0.085
5.96,0.085
38.16,0.217
17.9,0.64
30.43,0.593
38.1,0.2
13.08,0.33
38.63,0.094
31.05,0.599
44.45,0.05
40.35,0.05
7.88,0.135
26.63,0.884
32.08,0.519
7.17,0.101
31.61,0.557
25.78,0.778
18.73,0.758
21.22,0.798
32.51,0.55
27.44,0.793
10.45,0.29
26.37,0.816
33.13,0.438
18.54,0.683
5.64,0.05
39.87,0.218
32.54,0.468
12.81,0.31
18.39,0.618
25.15,0.781
24.65,0.866
21.37,0.788
17.38,0.605
35.78,0.3
11.12,0.258
16.94,0.478
30.99,0.597
31.15,0.636
9.36,0.07
18.2,0.658
21.26,0.792
27.74,0.741
10.27,0.147
38.66,0.128
16.87,0.642
12.78,0.332
28.01,0.714
31.52,0.52
9.83,0.135
13.69,0.338
42.62,0.05
8.27,0.147
33.1,0.416
16.55,0.57
11.96,0.308
38.99,0.13
10.22,0.117
11.61,0.215
44.66,0.05
29.89,0.718
9.58,0.308
30.69,0.587
35.72,0.285
29.1,0.752
32.0,0.55
18.58,0.695
38.71,0.201
7.84,0.142
35.32,0.381
7.8,0.126
15.14,0.492
6.86,0.05
42.99,0.05
43.26,0.07
9.77,0.17
28.75,0.739
37.41,0.187
28.79,0.746
37.52,0.164
26.67,0.821
25.32,0.871
5.65,0.13
13.22,0.316
27.86,0.779
16.13,0.494
26.8,0.814
37.73,0.211
12.05,0.388
43.93,0.07
15.55,0.473
18.7,0.709
37.74,0.063
9.37,0.156
33.47,0.405
6.36,0.06
5.12,0.05
23.27,0.92
22.24,0.811
39.08,0.193
34.3,0.357
5.27,0.084
10.88,0.257
5.31,0.144
44.87,0.05
21.14,0.793
25.8,0.823
17.53,0.668
42.81,0.065
40.79,0.05
11.56,0.223
37.53,0.17
25.32,0.841
31.4,0.525
38.43,0.205
13.9,0.492
37.78,0.18
42.04,0.063
36.01,0.344
41.59,0.056
20.32,0.799
28.26,0.674
13.88,0.376
31.94,0.583
23.37,0.812
17.05,0.579
19.0,0.655
40.0,0.207
37.35,0.245
19.44,0.838
12.35,0.256
40.98,0.153
13.74,0.3
30.83,0.664
28.74,0.664
39.05,0.122
8.53,0.122
15.29,0.426
17.54,0.555
23.96,0.886
16.79,0.584
27.35,0.715
32.95,0.474
42.62,0.05
14.5,0.396
17.6,0.594
39.66,0.126
10.52,0.123
18.95,0.725
9.33,0.16
23.55,0.805
12.04,0.351
25.96,0.887
32.34,0.383
37.66,0.181
42.03,0.095
28.74,0.663
42.35,0.05
42.02,0.099
11.03,0.291
42.4,0.05
33.11,0.459
29.3,0.781
19.45,0.754
21.24,0.811
31.27,0.545
7.99,0.05
14.65,0.43
28.92,0.721
31.89,0.45
20.58,0.692
5.62,0.05
6.83,0.05
39.46,0.182
39.01,0.138
25.11,0.867
12.38,0.333
43.91,0.05
22.37,0.802
42.48,0.05
39.91,0.117
10.34,0.184
10.34,0.16
19.79,0.759
14.31,0.405
13.8,0.399
6.78,0.128
10.59,0.246
30.44,0.635
27.49,0.692
27.16,0.842
34.51,0.297
25.21,0.799
12.8,0.337
24.22,0.819
41.35,0.167
35.67,0.223
30.02,0.694
32.33,0.43
29.61,0.701
19.55,0.749
13.22,0.336
8.92,0.079
36.54,0.253
40.61,0.05
15.32,0.485
27.68,0.79
39.58,0.058
44.35,0.05
18.88,0.737
44.69,0.05
10.6,0.232
32.19,0.419
39.42,0.064
22.22,0.698
11.5,0.241
15.14,0.423
15.67,0.487
24.17,0.856
40.12,0.122
42.07,0.05
33.96,0.394
39.36,0.182
39.08,0.139
20.0,0.762
20.81,0.746
36.44,0.308
11.19,0.164
16.37,0.578
14.83,0.434
40.23,0.092
31.67,0.495
18.3,0.687
5.2,0.062
21.85,0.73
15.6,0.493
25.84,0.77
23.72,0.895
41.3,0.104
11.41,0.154
29.16,0.637
16.79,0.597
38.44,0.166
9.09,0.122
43.63,0.05
17.65,0.603
28.59,0.703
6.92,0.079
38.92,0.08
31.44,0.493
22.23,0.784
44.61,0.068
26.27,0.89
23.83,0.755
6.96,0.062
37.91,0.164
41.52,0.14
43.54,0.106
6.23,0.137
35.5,0.32
10.86,0.22
31.55,0.471
38.97,0.058
17.5,0.726
16.71,0.595
11.05,0.241
32.0,0.558
15.17,0.458
30.0,0.738
18.73,0.656
14.03,0.325
39.21,0.167
25.22,0.809
40.86,0.116
39.43,0.105
6.35,0.05
39.85,0.08
26.1,0.844
29.87,0.643
9.5,0.187
6.23,0.05
39.59,0.086
33.9,0.321
16.06,0.508
43.65,0.05
36.12,0.352
6.73,0.129
7.54,0.085
29.0,0.649
19.12,0.712
31.59,0.47
41.91,0.05
32.46,0.547
44.89,0.05
44.29,0.05
37.54,0.085
24.32,0.911
41.82,0.09
31.9,0.519
12.03,0.242
9.99,0.116
22.99,0.95
21.26,0.808
31.59,0.568
32.87,0.516
23.03,0.805
5.81,0.05
12.62,0.302
40.75,0.154
37.11,0.211
41.28,0.056
16.73,0.549
10.86,0.251
8.79,0.092
41.32,0.137
28.01,0.739
20.87,0.764
16.54,0.577
40.51,0.178
40.26,0.05
27.04,0.858
13.97,0.325
33.69,0.489
5.03,0.079
34.77,0.424
12.32,0.237
24.42,0.892
41.17,0.05
29.38,0.554
42.13,0.05
7.06,0.089
8.22,0.163
37.98,0.152
15.81,0.439
14.21,0.377
9.88,0.151
36.59,0.217
21.96,0.818
24.48,0.795
9.45,0.127
15.17,0.508
27.09,0.751
13.53,0.383
42.38,0.05
16.92,0.627
10.93,0.269
28.51,0.68
15.44,0.469
38.05,0.191
33.15,0.45
8.37,0.139
17.49,0.589
34.29,0.39
16.17,0.495
21.96,0.797
18.08,0.602
23.4,0.856
36.84,0.215
23.9,0.907
7.54,0.084
34.71,0.472
9.66,0.116
35.82,0.214
9.2,0.168
32.97,0.509
26.0,0.829
9.33,0.186
24.27,0.854
18.71,0.625
20.84,0.689
19.32,0.654
27.0,0.836
41.55,0.05
8.0,0.078
19.1,0.715
7.8,0.092
34.76,0.429
21.76,0.897
9.18,0.183
17.2,0.555
5.09,0.05
23.85,0.799
22.34,0.779
6.82,0.104
29.0,0.761
25.19,0.86
13.72,0.375
15.95,0.526
39.63,0.141
21.13,0.765
22.9,0.881
41.97,0.05
6.06,0.05
19.91,0.701
9.76,0.133
12.69,0.33
31.37,0.544
20.13,0.677
35.03,0.299
41.82,0.139
31.84,0.5
25.88,0.786
38.29,0.133
10.95,0.255
16.88,0.554
28.68,0.688
11.31,0.301
28.7,0.802
9.31,0.152
37.06,0.27
23.56,0.824
13.29,0.473
33.68,0.333
20.18,0.762
35.72,0.374
20.93,0.851
40.1,0.124
19.56,0.737
31.32,0.522
43.67,0.051
42.86,0.057
10.02,0.234
28.62,0.663
38.77,0.144
8.67,0.14
34.3,0.442
10.94,0.328
16.65,0.568
43.82,0.05
31.28,0.488
22.09,0.898
33.26,0.423
41.8,0.064
19.21,0.695
27.35,0.756
38.82,0.207
11.14,0.174
5.44,0.054
10.95,0.277
7.03,0.067
27.07,0.809
42.41,0.05
5.61,0.131
28.49,0.694
7.62,0.108
11.21,0.26
40.07,0.05
16.18,0.545
30.76,0.584
35.29,0.318
23.24,0.888
44.33,0.05
42.14,0.05
23.21,0.806
8.32,0.137
30.04,0.682
38.06,0.198
42.73,0.05
27.35,0.834
5.54,0.092
21.83,0.833
16.58,0.542
28.98,0.675
16.59,0.637
8.93,0.143
37.86,0.137
23.32,0.791
34.38,0.466
30.35,0.616
19.14,0.646
42.68,0.145
15.46,0.532
34.75,0.463
30.09,0.591
30.08,0.683
18.32,0.677
29.0,0.677
5.9,0.059
21.96,0.818
43.92,0.134
20.31,0.695
32.55,0.381
27.81,0.724
34.74,0.315
29.53,0.618
31.16,0.457
33.4,0.348
43.37,0.05
9.75,0.152
34.22,0.415
20.31,0.707
28.85,0.672
39.39,0.193
27.92,0.761
12.06,0.284
29.73,0.714
44.76,0.05
5.63,0.05
34.26,0.361
20.49,0.827
8.83,0.213
41.24,0.077
12.03,0.207
6.41,0.05
16.2,0.55
37.8,0.173
42.56,0.05
39.88,0.073
5.81,0.05
26.96,0.744
36.09,0.25
29.96,0.58
38.24,0.183
15.86,0.454
28.19,0.742
19.56,0.656
14.45,0.462
13.77,0.383
21.16,0.794
37.54,0.266
40.16,0.19
33.13,0.48
28.28,0.756
23.3,0.869
15.69,0.422
11.73,0.162
22.64,0.802
40.63,0.072
25.0,0.824
10.74,0.205
13.45,0.388
28.95,0.731
43.62,0.099
18.0,0.645
31.67,0.511
31.29,0.55
15.52,0.456
26.47,0.878
30.3,0.584
35.15,0.331
32.19,0.532
28.11,0.754
14.71,0.424
41.97,0.12
22.19,0.796
10.36,0.211
39.43,0.123
10.95,0.285
26.07,0.867
22.34,0.898
9.39,0.152
7.05,0.158
35.85,0.234
10.61,0.235
34.04,0.38
17.92,0.686
25.31,0.812
12.0,0.218
38.64,0.214
29.83,0.682
23.25,0.891
31.26,0.591
29.13,0.757
36.05,0.298
31.92,0.55
8.19,0.087
37.69,0.23
38.89,0.144
7.33,0.147
22.64,0.769
28.96,0.684
28.83,0.712
25.73,0.846
29.59,0.657
10.08,0.178
23.06,0.811
24.6,0.78
8.61,0.203
21.65,0.82
44.08,0.05
42.05,0.05
16.16,0.545
31.5,0.547
19.38,0.789
39.68,0.152
44.89,0.05
7.92,0.168
20.29,0.813
15.21,0.523
30.47,0.703
39.78,0.138
31.31,0.575
28.02,0.8
6.91,0.099
15.1,0.423
29.98,0.629
28.97,0.677
33.07,0.363
44.05,0.05
21.55,0.841
22.23,0.841
36.69,0.273
28.67,0.723
21.06,0.817
12.15,0.287
35.69,0.3
40.0,0.146
25.33,0.878
32.92,0.377
19.45,0.722
15.03,0.41
16.93,0.559
7.31,0.117
40.94,0.124
43.01,0.05
34.87,0.294
29.34,0.693
28.29,0.633
11.6,0.331
30.47,0.559
14.46,0.433
40.73,0.18
20.0,0.727
27.72,0.833
42.1,0.073
36.38,0.252
13.75,0.326
8.62,0.157
17.1,0.573
23.34,0.846
6.27,0.05
30.55,0.541
11.33,0.327
25.94,0.814
15.35,0.419
10.59,0.213
27.8,0.719
19.17,0.721
40.03,0.096
14.16,0.399
32.84,0.362
44.75,0.05
35.24,0.305
15.98,0.54
7.26,0.05
27.77,0.848
38.16,0.18
38.41,0.099
14.42,0.436
11.12,0.167
21.29,0.755
7.98,0.145
11.25,0.149
42.69,0.074
10.49,0.209
8.89,0.169
29.16,0.605
5.79,0.061
18.05,0.742
11.07,0.222
33.72,0.385
34.92,0.321
28.95,0.68
17.06,0.582
38.17,0.204
24.4,0.875
36.43,0.326
35.21,0.349
39.3,0.114
34.99,0.35
23.43,0.884
37.5,0.195
14.51,0.47
7.55,0.05
5.27,0.05
36.13,0.293
14.87,0.533
22.5,0.913
29.52,0.647
20.23,0.659
24.43,0.824
18.81,0.683
26.94,0.879
35.19,0.368
6.03,0.134
8.89,0.216
42.53,0.055
10.06,0.293
19.67,0.697
32.97,0.532
21.48,0.807
26.63,0.81
6.73,0.05
30.83,0.635
29.54,0.602
40.28,0.187
41.86,0.064
38.33,0.224
14.57,0.389
23.71,0.882
40.48,0.062
11.02,0.306
40.26,0.203
12.87,0.235
22.3,0.74
10.11,0.196
30.88,0.632
16.2,0.514
32.15,0.478
11.22,0.222
40.32,0.124
39.63,0.128
32.22,0.468
6.54,0.075
37.03,0.258
28.06,0.763
41.09,0.075
42.76,0.05
41.34,0.094
43.18,0.137
37.22,0.292
23.2,0.819
13.06,0.283
39.35,0.082
21.89,0.73
24.38,0.844
30.44,0.59
44.09,0.155
8.89,0.218
36.3,0.306
19.22,0.69
35.83,0.291
34.19,0.323
25.49,0.856
7.52,0.168
24.41,0.851
26.2,0.9
44.48,0.05
25.56,0.873
18.92,0.802
18.59,0.757
8.11,0.11
30.8,0.539
36.41,0.292
8.58,0.116
10.34,0.132
12.28,0.179
15.58,0.496
42.76,0.05
19.97,0.741
34.95,0.362
23.09,0.925
39.33,0.232
38.57,0.176
40.27,0.138
7.02,0.05
33.03,0.441
25.55,0.867
32.1,0.54
43.56,0.053
29.34,0.696
23.3,0.9
12.03,0.243
26.17,0.872
24.46,0.801
30.49,0.658
44.69,0.05
34.31,0.404
31.75,0.52
30.54,0.571
41.27,0.119
7.97,0.115
7.65,0.05
36.43,0.307
27.41,0.73
41.24,0.114
16.43,0.525
13.52,0.317
16.07,0.57
12.42,0.287
28.26,0.662
14.49,0.354
19.12,0.625
44.84,0.05
18.41,0.678
16.55,0.606
10.51,0.245
18.51,0.63
24.74,0.889
16.27,0.658
22.87,0.847
26.57,0.769
32.4,0.511
35.68,0.361
12.15,0.339
22.37,0.886
40.16,0.05
32.96,0.388
44.26,0.064
36.43,0.296
7.22,0.194
17.42,0.675
36.72,0.219
30.62,0.532
10.59,0.262
18.63,0.741
41.98,0.165
18.02,0.731
36.67,0.262
17.05,0.58
34.72,0.414
20.21,0.812
11.09,0.22
16.76,0.596
22.16,0.909
14.98,0.427
34.19,0.419
30.03,0.628
6.09,0.131
7.14,0.096
31.09,0.552
10.99,0.265
12.57,0.238
37.95,0.156
12.08,0.258
18.05,0.642
32.69,0.441
28.33,0.757
9.94,0.183
37.29,0.201
23.21,0.843
12.85,0.338
17.0,0.507
15.83,0.556
13.57,0.348
42.4,0.05
24.1,0.778
42.63,0.06
33.0,0.411
16.21,0.532
10.05,0.147
33.59,0.368
37.37,0.294
25.41,0.863
5.69,0.05
13.94,0.375
35.03,0.308
35.61,0.287
38.78,0.156
21.97,0.787
27.75,0.776
29.37,0.715
19.41,0.668
41.0,0.058
40.97,0.11
26.93,0.856
32.15,0.491
27.08,0.773
16.54,0.554
41.92,0.05
15.41,0.455
43.49,0.05
44.73,0.05
43.34,0.05
16.24,0.515
30.29,0.678
31.74,0.535
16.96,0.644
35.29,0.273
15.0,0.47
20.37,0.812
41.34,0.1
12.48,0.301
30.92,0.504
20.89,0.728
32.25,0.52
17.31,0.54
34.85,0.392
18.47,0.701
16.92,0.634
30.28,0.645
18.21,0.728
29.77,0.593
42.83,0.05
15.11,0.411
30.58,0.579
33.88,0.392
20.78,0.805
43.97,0.05
23.05,0.846
12.26,0.376
6.52,0.05
43.78,0.05
36.77,0.293
28.36,0.681
37.34,0.21
7.6,0.106
23.76,0.752
14.14,0.407
25.61,0.815
32.39,0.544
32.33,0.493
10.86,0.249
18.22,0.597
15.01,0.547
43.33,0.05
28.77,0.656
33.62,0.346
17.93,0.66
30.34,0.589
19.91,0.693
21.72,0.778
37.19,0.229
25.44,0.838
30.92,0.554
24.12,0.902
40.64,0.067
10.93,0.21
7.45,0.05
37.17,0.21
28.21,0.709
10.49,0.198
37.27,0.18
40.85,0.093
44.72,0.05
37.51,0.194
41.99,0.05
39.0,0.202
15.01,0.466
19.95,0.691
37.75,0.261
19.6,0.774
23.31,0.884
6.2,0.107
34.63,0.424
33.85,0.383
38.37,0.105
27.21,0.764
39.85,0.22
44.21,0.05
25.75,0.874
39.2,0.123
38.45,0.154
17.69,0.698
5.31,0.058
17.17,0.641
35.48,0.373
5.33,0.05
31.71,0.585
13.46,0.397
7.84,0.164
12.78,0.212
37.57,0.246
27.93,0.711
23.95,0.831
25.54,0.819
5.71,0.05
14.88,0.399
30.66,0.597
13.9,0.332
8.05,0.163
9.93,0.123
9.51,0.195
16.31,0.487
27.73,0.885
23.6,0.775
7.05,0.05
5.21,0.066
25.02,0.912
39.83,0.109
28.69,0.647
44.82,0.05
26.72,0.757
14.47,0.374
12.44,0.261
28.29,0.738
7.63,0.05
29.88,0.692
19.3,0.701
41.23,0.05
17.69,0.675
17.37,0.557
43.99,0.05
26.84,0.768
38.11,0.173
40.19,0.166
15.08,0.432
27.49,0.78
21.17,0.841
24.76,0.849
6.58,0.108
30.64,0.602
37.74,0.22
31.06,0.558
7.84,0.127
20.93,0.785
42.96,0.05
27.71,0.664
38.31,0.122
35.48,0.351
5.56,0.2
44.63,0.065
41.14,0.05
30.6,0.581
33.95,0.378
7.1,0.122
20.41,0.733
39.3,0.056
29.1,0.719
31.05,0.535
34.25,0.382
44.8,0.05
18.63,0.704
38.89,0.181
20.32,0.787
37.42,0.166
43.06,0.087
33.74,0.382
25.75,0.78
29.93,0.639
28.28,0.692
43.07,0.05
38.85,0.147
23.53,0.896
30.47,0.697
19.13,0.762
30.36,0.548
43.87,0.109
39.76,0.088
6.75,0.123
24.36,0.904
30.08,0.681
25.95,0.814
23.32,0.77
30.9,0.614
34.29,0.318
17.15,0.581
27.36,0.849
44.15,0.05
32.49,0.523
40.65,0.096
40.83,0.11
20.08,0.884
40.48,0.069
23.47,0.834
12.57,0.329
38.21,0.13
34.89,0.34
45.0,0.05
13.45,0.308
32.63,0.424
7.54,0.05
26.54,0.813
24.63,0.871
29.42,0.653
26.26,0.708
21.51,0.843
7.58,0.099
15.74,0.414
8.93,0.146
35.09,0.389
14.63,0.353
36.64,0.25
30.59,0.616
44.41,0.05
12.0,0.29
26.03,0.765
41.83,0.137
26.48,0.738
21.62,0.802
25.3,0.8
24.48,0.932
31.37,0.484
31.12,0.558
39.69,0.108
44.75,0.05
44.94,0.05
38.22,0.224
15.92,0.458
18.76,0.705
26.22,0.875
31.49,0.538
23.65,0.874
43.93,0.084
30.19,0.637
27.94,0.802
30.97,0.476
26.52,0.814
17.33,0.637
30.92,0.541
31.08,0.541
6.05,0.079
34.4,0.329
36.63,0.187
38.06,0.165
35.55,0.246
32.15,0.446
40.01,0.05
40.71,0.05
43.66,0.068
43.58,0.05
25.88,0.848
25.79,0.84
13.81,0.363
10.75,0.161
39.72,0.05
37.82,0.166
11.1,0.269
38.49,0.134
12.33,0.372
40.17,0.117
38.49,0.07
25.43,0.755
18.0,0.697
35.17,0.355
5.78,0.087
26.54,0.72
26.13,0.827
22.42,0.807
43.09,0.179
21.95,0.819
5.9,0.065
37.18,0.303
42.03,0.091
42.14,0.05
6.78,0.05
6.62,0.142
41.38,0.05
10.97,0.168
41.22,0.108
23.45,0.932
30.83,0.615
20.63,0.694
37.46,0.252
31.69,0.521
35.22,0.343
33.07,0.421
33.49,0.427
35.11,0.276
12.74,0.322
9.81,0.115
24.07,0.932
32.42,0.46
10.0,0.173
18.15,0.569
42.73,0.126
28.65,0.758
38.79,0.184
34.09,0.3
18.6,0.697
34.13,0.346
30.86,0.594
12.37,0.369
30.87,0.573
7.05,0.081
12.16,0.276
6.41,0.099
26.66,0.831
39.2,0.095
40.33,0.091
33.88,0.343
5.38,0.05
36.84,0.177
31.4,0.523
22.92,0.884
22.3,0.819
11.44,0.286
18.89,0.73
29.34,0.643
42.82,0.05
43.85,0.05
16.43,0.528
16.06,0.524
16.34,0.537
15.49,0.457
33.73,0.381
8.95,0.137
20.39,0.728
28.9,0.686
15.94,0.518
30.71,0.725
6.99,0.175
43.85,0.05
22.19,0.765
6.51,0.067
6.53,0.094
35.69,0.299
31.59,0.5
34.19,0.271
44.46,0.069
43.94,0.05
19.22,0.705
17.83,0.697
36.92,0.287
42.54,0.054
35.29,0.328
40.91,0.121
19.76,0.647
14.84,0.36
33.0,0.472
7.06,0.119
26.46,0.777
10.55,0.145
17.69,0.619
23.61,0.856
27.56,0.816
18.69,0.611
29.42,0.636
35.21,0.379
28.65,0.683
26.27,0.799
31.59,0.481
31.95,0.582
11.81,0.239
32.43,0.477
8.91,0.203
22.66,0.872
37.43,0.22
36.98,0.218
15.63,0.53
16.58,0.597
25.88,0.867
44.95,0.05
40.38,0.075
39.97,0.177
21.33,0.812
32.15,0.467
9.53,0.171
22.56,0.896
16.83,0.611
31.57,0.542
11.22,0.286
37.56,0.224
6.69,0.142
20.17,0.848
13.99,0.389
40.59,0.055
41.23,0.103
23.4,0.732
28.04,0.688
6.66,0.163
29.34,0.661
13.42,0.442
8.6,0.209
19.99,0.705
15.93,0.576
17.75,0.621
31.28,0.506
7.31,0.184
16.19,0.572
29.53,0.657
6.85,0.06
28.71,0.746
35.51,0.256
13.49,0.378
38.77,0.175
34.48,0.36
31.34,0.638
38.85,0.188
30.37,0.657
38.66,0.236
25.55,0.735
23.27,0.89
38.98,0.221
7.07,0.05
43.33,0.05
22.28,0.844
33.74,0.402
44.05,0.108
16.08,0.526
19.2,0.756
22.98,0.865
24.49,0.808
44.66,0.099
38.8,0.131
35.27,0.322
28.41,0.734
41.23,0.15
32.68,0.413
36.58,0.276
24.21,0.9
22.82,0.84
17.08,0.549
8.19,0.21
24.87,0.843
28.76,0.689
10.85,0.104
41.81,0.073
36.08,0.324
31.07,0.576
29.72,0.718
41.27,0.136
8.84,0.115
15.08,0.417
5.92,0.083
39.29,0.228
21.1,0.731
37.79,0.206
20.08,0.756
36.17,0.291
19.26,0.799
37.17,0.202
44.96,0.05
39.84,0.143
10.8,0.232
41.21,0.133
31.74,0.548
36.94,0.284
25.08,0.916
21.65,0.691
19.64,0.694
23.1,0.766
33.67,0.402
44.37,0.05
16.95,0.568
38.18,0.203
29.42,0.772
42.28,0.05
31.46,0.598
20.96,0.86
39.11,0.159
36.7,0.284
22.21,0.837
16.3,0.524
7.43,0.083
14.6,0.483
9.52,0.154
16.49,0.527
18.14,0.672
22.79,0.847
17.88,0.607
31.84,0.458
33.85,0.346
18.84,0.714
8.66,0.086
26.92,0.76
27.62,0.802
17.95,0.663
34.81,0.336
30.05,0.593
29.59,0.718
16.77,0.508
16.14,0.562
24.7,0.849
22.56,0.829
13.86,0.439
31.36,0.521
17.05,0.636
8.91,0.158
33.32,0.359
13.18,0.364
37.99,0.311
39.62,0.159
34.62,0.35
13.14,0.381
6.64,0.062
38.06,0.234
41.03,0.104
39.07,0.197
32.41,0.506
37.94,0.232
5.24,0.05
44.98,0.069
27.53,0.773
18.15,0.696
7.82,0.14
10.94,0.26
40.64,0.069
11.64,0.214
9.63,0.328
14.12,0.434
6.84,0.06
35.19,0.31
33.79,0.335
33.87,0.452
6.24,0.05
10.61,0.209
44.18,0.062
16.53,0.579
34.51,0.415
37.45,0.25
42.45,0.05
24.58,0.729
16.03,0.433
32.53,0.426
40.5,0.05
32.41,0.533
22.69,0.784
22.52,0.825
22.97,0.795
44.28,0.05
29.18,0.634
13.51,0.46
13.46,0.369
9.59,0.178
18.24,0.68
38.26,0.195
24.51,0.822
20.7,0.786
17.82,0.644
31.68,0.575
20.13,0.763
10.33,0.205
29.64,0.638
37.96,0.217
10.49,0.136
6.47,0.053
16.99,0.551
26.09,0.884
37.8,0.145
34.55,0.348
28.44,0.778
21.63,0.775
21.86,0.791
41.17,0.05
37.62,0.194
27.48,0.837
15.31,0.489
23.46,0.853
20.55,0.747
18.77,0.655
30.61,0.576
13.89,0.312
29.62,0.646
34.94,0.307
18.41,0.609
29.42,0.667
25.23,0.821
41.4,0.172
38.18,0.262
14.3,0.294
36.34,0.287
43.77,0.059
37.1,0.264
7.62,0.118
20.47,0.791
36.8,0.189
22.71,0.832
17.52,0.574
37.53,0.157
14.82,0.476
12.76,0.266
23.47,0.92
8.06,0.133
42.69,0.05
32.66,0.529
13.84,0.391
34.01,0.342
32.27,0.516
27.65,0.765
42.42,0.077
5.77,0.067
35.72,0.407
16.33,0.469
26.21,0.794
22.67,0.782
5.71,0.091
18.3,0.744
8.16,0.15
18.8,0.734
42.98,0.114
38.98,0.207
20.68,0.802
16.78,0.552
39.86,0.193
38.82,0.093
18.06,0.641
5.23,0.05
7.32,0.05
16.42,0.487
19.95,0.64
43.22,0.09
7.99,0.05
43.38,0.05
43.11,0.071
20.58,0.771
39.07,0.088
26.68,0.847
17.21,0.628
36.78,0.343
13.09,0.366
15.8,0.543
23.85,0.876
38.28,0.142
19.04,0.649
9.47,0.176
13.23,0.289
35.86,0.291
22.79,0.79
18.27,0.702
21.42,0.842
38.22,0.162
36.08,0.289
21.41,0.786
8.3,0.18
28.19,0.835
28.24,0.673
13.47,0.344
37.78,0.257
38.3,0.129
43.14,0.106
15.99,0.482
6.98,0.05
11.69,0.293
39.69,0.122
38.05,0.176
23.77,0.854
24.39,0.873
28.3,0.777
12.42,0.241
18.35,0.653
21.07,0.795
18.37,0.767
21.75,0.767
25.04,0.845
17.44,0.587
22.6,0.861
9.99,0.17
33.99,0.433
39.64,0.092
18.08,0.657
21.14,0.838
38.17,0.21
35.84,0.354
14.74,0.493
27.3,0.737
38.95,0.184
9.49,0.114
5.55,0.094
20.29,0.756
26.09,0.771
25.31,0.874
10.06,0.202
19.54,0.697
15.08,0.436
32.98,0.436
21.7,0.836
25.74,0.884
11.64,0.328
32.64,0.491
9.13,0.16
16.5,0.501
20.66,0.796
30.43,0.554
42.0,0.05
15.41,0.419
30.27,0.742
27.2,0.837
40.98,0.079
8.37,0.238
40.12,0.127
5.18,0.05
41.47,0.065
6.78,0.077
6.78,0.149
36.85,0.184
14.85,0.42
40.83,0.119
26.34,0.823
21.54,0.724
30.37,0.612
35.34,0.356
22.67,0.946
40.98,0.05
11.01,0.245
44.73,0.05
22.87,0.728
6.9,0.145
9.97,0.21
44.9,0.05
6.95,0.126
29.18,0.588
41.7,0.086
19.86,0.731
31.68,0.486
11.29,0.275
24.55,0.732
38.4,0.05
8.69,0.086
27.03,0.791
30.81,0.553
13.96,0.436
43.85,0.055
29.69,0.68
15.33,0.395
29.24,0.717
6.34,0.119
34.3,0.381
18.08,0.617
24.49,0.874
37.85,0.232
40.6,0.149
15.76,0.473
11.29,0.23
43.69,0.05
41.98,0.113
39.73,0.105
16.98,0.567
37.53,0.174
31.2,0.471
33.0,0.309
26.33,0.95
43.82,0.062
15.16,0.43
26.86,0.882
42.04,0.095
38.14,0.262
32.25,0.516
38.49,0.269
27.73,0.83
29.09,0.711
26.99,0.782
7.07,0.113
11.37,0.329
35.85,0.288
34.59,0.421
24.13,0.818
21.47,0.72
11.8,0.138
42.41,0.069
15.91,0.593
8.45,0.127
36.55,0.259
13.89,0.405
14.09,0.496
7.9,0.131
28.18,0.778
9.68,0.158
10.9,0.231
44.29,0.05
14.22,0.373
30.23,0.621
28.57,0.733
14.39,0.364
33.93,0.34
44.03,0.05
27.64,0.708
17.07,0.516
44.99,0.124
15.81,0.458
16.19,0.582
32.42,0.526
39.11,0.148
8.71,0.124
13.94,0.399
43.9,0.087
42.67,0.05
36.78,0.264
18.19,0.744
20.88,0.831
16.85,0.613
39.29,0.209
7.15,0.126
24.5,0.858
43.54,0.05
32.78,0.454
29.49,0.693
13.79,0.351
27.02,0.867
23.56,0.827
23.36,0.869
22.81,0.939
37.78,0.208
23.85,0.84
19.47,0.761
5.26,0.05
40.65,0.171
13.82,0.383
43.09,0.06
44.98,0.085
21.12,0.83
35.07,0.342
9.91,0.132
28.87,0.698
43.81,0.051
36.53,0.268
13.03,0.34
39.09,0.159
22.69,0.819
8.98,0.202
40.78,0.155
42.17,0.131
7.66,0.207
24.68,0.798
5.86,0.065
23.83,0.874
27.96,0.708
41.31,0.075
19.95,0.784
28.1,0.797
36.36,0.245
37.88,0.214
27.66,0.851
18.24,0.697
19.31,0.723
16.08,0.532
16.82,0.559
25.39,0.786
22.56,0.874
13.87,0.384
9.37,0.154
15.08,0.463
33.06,0.463
43.77,0.05
15.69,0.407
43.08,0.08
35.75,0.285
33.63,0.391
28.26,0.652
37.52,0.149
19.83,0.641
36.81,0.213
6.21,0.05
32.06,0.571
9.63,0.187
5.87,0.05
13.46,0.337
26.41,0.823
15.19,0.436
29.91,0.583
17.72,0.596
22.19,0.781
36.37,0.181
37.76,0.152
16.53,0.626
28.07,0.839
10.72,0.287
16.91,0.553
27.95,0.76
19.89,0.841
31.83,0.539
9.16,0.233
6.51,0.106
44.06,0.05
42.82,0.05
27.5,0.825
29.19,0.698
41.34,0.127
15.59,0.444
16.74,0.52
35.47,0.273
6.08,0.106
13.02,0.373
13.34,0.291
43.07,0.078
7.99,0.11
19.48,0.735
34.24,0.343
34.09,0.391
39.86,0.051
19.49,0.676
34.11,0.423
5.6,0.05
7.8,0.05
24.25,0.95
27.52,0.673
23.87,0.754
30.3,0.617
17.55,0.62
34.32,0.45
20.04,0.759
16.98,0.5
43.13,0.061
24.01,0.885
24.25,0.81
8.57,0.147
11.05,0.286
20.27,0.749
23.48,0.821
26.78,0.864
22.23,0.773
43.13,0.05
18.66,0.68
31.56,0.588
10.33,0.197
12.92,0.208
34.91,0.36
28.35,0.652
28.85,0.685
21.41,0.794
44.34,0.05
41.41,0.055
18.55,0.728
8.37,0.113
16.67,0.614
6.6,0.117
13.5,0.354
39.62,0.104
38.99,0.141
21.21,0.83
9.45,0.226
41.13,0.212
40.75,0.103
19.26,0.697
7.21,0.05
10.86,0.203
11.32,0.265
11.73,0.265
19.86,0.721
7.76,0.05
34.89,0.382
10.55,0.211
16.76,0.523
31.89,0.464
24.65,0.86
41.16,0.084
38.43,0.191
13.73,0.381
18.38,0.67
14.26,0.516
44.91,0.05
29.25,0.683
6.34,0.066
14.45,0.329
29.58,0.602
39.84,0.072
24.35,0.804
29.74,0.724
36.09,0.353
41.76,0.135
25.0,0.835
5.43,0.05
31.64,0.553
10.07,0.145
29.01,0.762
24.02,0.86
8.07,0.067
28.29,0.735
7.77,0.072
7.44,0.197
35.24,0.311
41.04,0.156
36.15,0.229
29.73,0.626
31.98,0.516
9.58,0.213
9.74,0.129
32.85,0.515
33.58,0.353
38.08,0.113
31.99,0.479
27.93,0.769
33.76,0.266
33.73,0.449
43.81,0.066
43.09,0.08
11.7,0.27
10.62,0.273
44.08,0.05
17.99,0.697
9.09,0.188
8.23,0.15
32.98,0.441
33.07,0.443
24.72,0.931
14.34,0.444
37.82,0.073
26.09,0.854
34.19,0.392
12.2,0.318
38.99,0.158
13.01,0.286
9.56,0.204
7.84,0.074
12.87,0.418
8.85,0.067
21.34,0.701
41.74,0.05
19.09,0.691
21.95,0.834
28.33,0.72
12.68,0.306
21.52,0.785
25.11,0.916
18.78,0.659
33.4,0.424
14.92,0.503
39.83,0.151
24.45,0.837
5.16,0.065
36.94,0.276
25.71,0.829
43.17,0.064
21.23,0.829
42.54,0.112
8.6,0.073
10.07,0.256
29.88,0.603
8.7,0.11
9.33,0.113
33.25,0.503
9.19,0.147
22.85,0.793
27.03,0.839
21.33,0.77
35.54,0.312
29.64,0.736
15.33,0.56
22.18,0.745
42.0,0.05
19.43,0.694
5.88,0.05
7.12,0.106
15.24,0.536
27.68,0.767
35.25,0.412
20.73,0.879
28.85,0.705
23.6,0.847
34.98,0.275
38.4,0.137
34.26,0.438
41.38,0.126
19.26,0.69
23.36,0.949
34.36,0.363
32.27,0.457
16.13,0.567
12.88,0.435
13.64,0.434
37.59,0.206
28.64,0.586
28.69,0.73
33.39,0.389
31.15,0.531
37.78,0.299
31.55,0.489
10.26,0.194
18.83,0.659
31.5,0.642
23.36,0.922
36.86,0.251
20.47,0.803
36.48,0.306
35.2,0.4
5.71,0.059
19.52,0.731
21.43,0.726
25.53,0.843
34.79,0.358
33.29,0.47
27.94,0.764
24.57,0.913
44.43,0.05
19.31,0.738
34.7,0.3
29.26,0.682
13.82,0.389
15.12,0.469
17.24,0.565
22.32,0.875
9.53,0.188
28.73,0.774
12.88,0.383
40.87,0.143
42.32,0.065
42.69,0.05
36.93,0.254
25.48,0.822
9.01,0.131
36.95,0.27
16.76,0.673
5.16,0.114
32.29,0.514
30.93,0.621
13.45,0.346
30.3,0.619
26.24,0.821
22.96,0.946
29.55,0.697
23.08,0.844
26.36,0.864
5.05,0.089
36.54,0.244
33.6,0.441
29.26,0.66
18.89,0.678
34.77,0.384
35.21,0.307
11.59,0.291
5.44,0.059
27.24,0.857
12.62,0.328
8.23,0.069
20.24,0.723
40.22,0.062
7.78,0.1
41.69,0.083
10.96,0.311
28.46,0.728
25.2,0.88
33.4,0.347
15.76,0.435
30.22,0.552
25.33,0.776
15.5,0.525
31.07,0.586
33.43,0.431
12.18,0.311
12.06,0.293
44.93,0.05
26.47,0.787
44.61,0.053
42.31,0.05
6.69,0.114
36.0,0.261
19.5,0.639
11.17,0.229
20.1,0.756
11.36,0.218
30.33,0.554
39.31,0.126
42.81,0.102
23.18,0.86
16.03,0.491
28.36,0.764
8.83,0.126
44.02,0.05
18.95,0.638
40.36,0.05
5.98,0.115
43.43,0.089
42.61,0.05
10.86,0.205
27.47,0.835
14.11,0.368
36.89,0.173
36.92,0.257
41.15,0.119
25.07,0.914
15.36,0.425
38.8,0.186
40.21,0.104
10.68,0.197
41.83,0.05
7.63,0.149
27.9,0.728
43.45,0.05
23.56,0.748
8.72,0.199
18.48,0.726
39.76,0.17
32.74,0.557
8.27,0.102
5.78,0.099
24.92,0.835
7.77,0.091
43.51,0.063
44.76,0.05
17.54,0.601
38.47,0.119
19.7,0.775
18.0,0.584
32.84,0.483
24.99,0.83
26.66,0.743
34.12,0.393
29.06,0.663
34.21,0.376
32.67,0.441
9.64,0.233
22.5,0.905
31.86,0.514
40.23,0.063
5.75,0.063
43.43,0.05
29.83,0.695
41.62,0.05
31.49,0.557
31.89,0.527
16.36,0.559
12.8,0.32
41.18,0.093
22.86,0.879
5.92,0.05
16.2,0.498
18.94,0.556
24.04,0.843
34.62,0.328
10.64,0.25
40.14,0.177
37.17,0.174
42.55,0.078
12.85,0.299
25.96,0.778
5.34,0.056
39.11,0.116
40.15,0.116
37.96,0.227
26.39,0.792
12.86,0.29
42.89,0.106
33.37,0.477
5.49,0.095
25.38,0.77
44.41,0.05
37.69,0.197
13.31,0.344
21.15,0.777
24.43,0.885
38.78,0.226
5.41,0.133
42.2,0.095
30.97,0.709
26.66,0.767
29.79,0.61
17.26,0.57
44.11,0.058
25.46,0.737
21.08,0.789
39.2,0.208
31.82,0.514
39.35,0.123
35.36,0.388
43.96,0.05
39.19,0.151
5.92,0.05
25.23,0.844
36.31,0.262
30.03,0.659
15.37,0.434
34.15,0.434
14.21,0.393
22.71,0.852
7.28,0.15
7.52,0.05
24.84,0.873
20.45,0.807
15.42,0.532
27.61,0.724
43.46,0.05
33.47,0.407
35.83,0.327
15.69,0.498
13.69,0.348
22.31,0.798
40.11,0.135
23.03,0.864
32.69,0.456
28.14,0.805
41.45,0.121
22.13,0.856
26.29,0.756
30.17,0.564
26.37,0.907
30.01,0.699
24.4,0.764
9.17,0.092
24.05,0.805
24.4,0.811
31.63,0.538
28.19,0.816
43.67,0.05
34.17,0.386
8.71,0.166
10.24,0.188
21.6,0.831
44.15,0.074
17.2,0.62
14.48,0.403
6.12,0.05
28.1,0.782
35.82,0.342
23.77,0.819
14.3,0.407
23.24,0.784
35.42,0.294
22.61,0.754
41.38,0.085
32.68,0.486
21.22,0.855
40.4,0.086
22.38,0.781
31.73,0.561
7.2,0.082
30.94,0.541
22.53,0.87
31.3,0.53
20.19,0.708
6.34,0.05
5.07,0.05
28.12,0.78
22.06,0.857
25.47,0.851
39.51,0.119
43.24,0.05
20.88,0.761
40.97,0.134
25.91,0.817
14.07,0.491
16.03,0.49
25.33,0.746
40.6,0.05
6.24,0.116
29.48,0.646
40.32,0.109
21.44,0.738
33.71,0.355
40.32,0.065
9.31,0.243
13.28,0.377
36.08,0.362
37.19,0.154
26.18,0.709
37.58,0.201
30.71,0.533
16.9,0.549
37.77,0.312
22.4,0.874
38.54,0.183
17.32,0.613
8.46,0.109
16.61,0.606
6.76,0.05
25.3,0.827
35.01,0.364
28.15,0.744
8.85,0.16
18.01,0.586
17.45,0.669
41.77,0.05
28.12,0.739
22.03,0.749
18.51,0.71
8.74,0.133
29.63,0.692
19.69,0.742
36.84,0.208
38.42,0.142
44.68,0.05
14.88,0.402
29.21,0.65
14.16,0.403
44.3,0.065
31.34,0.617
24.84,0.893
14.85,0.464
8.06,0.161
25.74,0.879
42.66,0.05
30.41,0.72
13.74,0.394
44.03,0.116
44.42,0.091
42.98,0.095
28.03,0.773
12.03,0.248
27.71,0.762
10.59,0.208
10.49,0.163
32.44,0.529
23.06,0.841
8.44,0.094
9.48,0.194
38.48,0.136
33.2,0.393
22.49,0.843
20.17,0.634
36.17,0.333
20.77,0.846
16.84,0.522
22.38,0.856
41.07,0.05
16.53,0.428
14.99,0.517
7.36,0.16
15.4,0.496
35.95,0.355
44.91,0.05
21.94,0.748
36.42,0.181
7.42,0.095
6.65,0.076
29.28,0.582
7.9,0.11
39.3,0.157
33.38,0.388
38.65,0.138
32.39,0.496
36.79,0.222
11.88,0.239
9.31,0.117
15.3,0.46
23.22,0.83
35.54,0.221
37.84,0.23
39.41,0.076
39.08,0.057
42.22,0.095
8.46,0.091
13.61,0.326
11.75,0.22
22.62,0.89
15.9,0.521
22.8,0.853
29.83,0.748
10.49,0.137
6.49,0.05
37.68,0.229
31.54,0.511
43.68,0.158
12.54,0.298
29.56,0.736
11.94,0.23
31.96,0.493
10.25,0.219
34.9,0.353
12.66,0.211
16.36,0.546
24.57,0.781
43.09,0.082
27.11,0.829
21.22,0.785
33.13,0.493
16.9,0.612
39.55,0.062
44.95,0.07
23.46,0.879
5.8,0.109
34.59,0.345
13.46,0.423
5.9,0.083
21.41,0.857
44.2,0.05
6.5,0.06
12.7,0.294
28.43,0.756
16.39,0.56
43.76,0.12
8.03,0.127
20.44,0.745
29.55,0.683
20.88,0.794
9.74,0.223
44.67,0.05
41.28,0.121
39.46,0.176
12.78,0.318
42.23,0.054
6.68,0.096
17.01,0.565
8.66,0.137
41.59,0.05
10.19,0.169
24.29,0.792
17.71,0.618
30.99,0.517
40.69,0.116
15.04,0.486
41.0,0.127
23.95,0.805
39.14,0.202
35.71,0.3
12.21,0.205
38.98,0.059
11.2,0.282
19.95,0.763
25.29,0.793
33.78,0.43
32.12,0.536
40.31,0.115
20.74,0.79
30.45,0.627
33.26,0.494
27.63,0.79
8.26,0.167
8.02,0.106
18.17,0.589
40.26,0.164
16.57,0.556
37.75,0.18
21.15,0.757
21.24,0.78
7.75,0.115
20.27,0.846
40.25,0.115
41.8,0.129
39.34,0.142
13.42,0.317
37.67,0.282
15.96,0.506
35.19,0.297
17.79,0.632
31.51,0.6
27.94,0.802
22.98,0.85
43.57,0.05
17.13,0.606
12.86,0.37
34.43,0.383
11.53,0.291
22.36,0.854
11.03,0.228
11.13,0.298
26.91,0.841
6.05,0.05
11.41,0.216
23.75,0.779
26.52,0.845
29.15,0.672
29.14,0.624
24.46,0.876
28.94,0.723
30.71,0.603
26.79,0.778
38.99,0.11
13.63,0.317
13.98,0.345
23.47,0.819
32.4,0.507
25.57,0.799
26.54,0.805
35.42,0.294
35.34,0.273
20.28,0.803
24.91,0.873
9.95,0.239
19.77,0.761
37.55,0.235
12.64,0.268
25.76,0.937
32.59,0.503
34.2,0.418
21.71,0.832
18.89,0.712
15.42,0.54
28.82,0.666
40.5,0.151
36.01,0.33
30.94,0.605
27.75,0.755
42.91,0.073
41.25,0.163
28.05,0.788
5.92,0.057
33.71,0.323
15.4,0.438
16.95,0.565
16.77,0.51
11.83,0.197
10.99,0.179
17.77,0.674
8.63,0.05
31.41,0.55
30.47,0.626
8.94,0.053
43.0,0.061
42.16,0.05
44.58,0.057
15.07,0.411
40.28,0.137
25.73,0.778
44.44,0.05
10.7,0.211
25.47,0.844
34.04,0.383
5.69,0.05
43.97,0.05
40.25,0.162
42.66,0.05
15.9,0.463
36.27,0.224
40.2,0.076
33.92,0.319
22.09,0.803
27.2,0.773
30.28,0.665
32.21,0.529
24.32,0.853
15.2,0.412
43.66,0.05
26.61,0.75
16.45,0.487
22.57,0.789
8.42,0.193
37.04,0.221
29.89,0.576
41.35,0.057
36.43,0.342
27.0,0.794
24.32,0.876
22.54,0.82
13.03,0.371
39.29,0.069
12.17,0.289
6.1,0.135
31.53,0.487
15.16,0.523
18.3,0.668
11.24,0.281
20.48,0.779
20.86,0.719
44.58,0.05
6.16,0.105
24.79,0.811
32.66,0.484
6.27,0.11
10.12,0.213
18.79,0.687
22.42,0.797
43.28,0.092
36.99,0.214
33.99,0.315
44.0,0.063
25.39,0.793
23.09,0.887
22.62,0.804
33.07,0.5
41.24,0.174
14.8,0.498
9.73,0.21
39.93,0.139
10.0,0.062
32.14,0.466
28.54,0.75
26.9,0.841
21.5,0.896
35.93,0.277
40.96,0.082
10.75,0.249
41.87,0.106
6.92,0.123
8.9,0.177
25.88,0.72
8.93,0.234
40.28,0.087
15.29,0.43
14.29,0.43
15.75,0.463
6.98,0.102
44.06,0.05
41.21,0.05
18.82,0.693
12.66,0.382
33.05,0.427
10.8,0.208
16.13,0.536
7.11,0.063
34.03,0.384
8.28,0.061
23.68,0.834
33.33,0.408
35.44,0.326
15.32,0.462
25.63,0.776
5.3,0.05
38.79,0.148
39.61,0.063
39.06,0.09
34.34,0.376
26.89,0.825
8.28,0.176
18.73,0.663
9.86,0.164
27.92,0.755
35.25,0.247
11.22,0.203
16.81,0.552
33.42,0.457
21.96,0.782
42.59,0.05
11.63,0.238
21.64,0.88
25.92,0.753
15.11,0.427
38.15,0.175
38.59,0.156
18.0,0.606
41.22,0.05
39.47,0.221
18.33,0.601
27.66,0.709
19.22,0.642
7.65,0.132
36.74,0.266
20.56,0.762
22.55,0.915
41.06,0.11
29.18,0.649
8.77,0.076
7.61,0.06
25.63,0.81
30.81,0.541
41.86,0.05
17.27,0.537
23.8,0.825
12.45,0.281
15.28,0.354
24.24,0.907
8.1,0.085
21.03,0.758
32.24,0.43
23.66,0.835
21.39,0.789
20.85,0.797
13.64,0.401
32.65,0.442
9.3,0.22
19.64,0.696
13.99,0.345
29.35,0.601
37.01,0.208
41.48,0.05
6.33,0.05
43.13,0.195
27.03,0.748
8.61,0.125
19.63,0.676
22.56,0.911
34.56,0.417
5.98,0.079
19.94,0.62
42.4,0.071
9.9,0.249
33.84,0.307
13.95,0.348
28.69,0.729
37.07,0.203
42.16,0.05
27.3,0.792
25.69,0.773
26.35,0.788
17.0,0.548
39.46,0.129
28.35,0.687
35.09,0.35
26.97,0.746
8.6,0.208
39.23,0.05
20.98,0.825
10.09,0.238
20.33,0.761
17.81,0.568
19.36,0.748
19.86,0.762
22.81,0.856
27.73,0.716
38.11,0.17
30.75,0.63
18.01,0.572
23.63,0.801
35.15,0.288
14.62,0.403
23.44,0.906
11.18,0.25
18.1,0.649
44.46,0.05
12.69,0.315
34.29,0.357
5.18,0.05
29.16,0.641
25.74,0.827
35.62,0.314
36.07,0.326
35.7,0.375
13.16,0.341
29.6,0.779
21.26,0.745
43.03,0.1
35.56,0.359
26.69,0.741
37.22,0.214
9.47,0.148
14.01,0.37
27.22,0.759
43.34,0.05
43.92,0.05
13.45,0.365
33.36,0.405
7.31,0.072
25.89,0.836
12.15,0.321
26.64,0.83
10.33,0.16
9.88,0.175
27.84,0.647
13.66,0.354
32.14,0.423
31.31,0.559
21.56,0.835
34.22,0.358
43.65,0.05
7.95,0.125
28.8,0.693
27.81,0.814
22.08,0.79
28.53,0.728
7.66,0.07
15.82,0.436
28.78,0.718
8.22,0.05
33.36,0.467
40.15,0.201
41.61,0.129
21.98,0.759
43.33,0.059
31.59,0.61
30.9,0.619
38.04,0.178
40.54,0.083
36.38,0.227
20.03,0.666
19.71,0.639
36.99,0.194
35.43,0.335
24.35,0.873
6.86,0.127
22.69,0.848
18.76,0.697
38.54,0.098
14.11,0.36
5.63,0.05
17.22,0.653
16.63,0.655
9.81,0.148
12.37,0.323
19.51,0.734
22.69,0.828
10.43,0.184
29.09,0.613
19.48,0.645
28.64,0.684
21.69,0.838
6.51,0.062
35.29,0.404
37.65,0.189
31.13,0.549
17.96,0.67
36.93,0.231
44.64,0.05
21.82,0.788
31.63,0.521
13.25,0.353
14.2,0.36
36.17,0.222
32.07,0.465
17.54,0.669
10.08,0.188
35.41,0.293
22.62,0.88
33.87,0.457
24.98,0.813
37.88,0.247
7.82,0.13
12.15,0.313
31.57,0.564
44.95,0.05
39.9,0.127
21.72,0.846
36.11,0.284
7.92,0.099
23.16,0.884
9.47,0.223
32.55,0.426
30.62,0.607
44.29,0.06
31.6,0.503
36.89,0.268
20.6,0.627
30.17,0.604
32.13,0.535
23.09,0.888
21.2,0.746
34.74,0.437
11.37,0.286
25.84,0.786
28.53,0.73
38.8,0.182
22.98,0.866
8.09,0.111
19.18,0.78
7.17,0.064
43.87,0.05
22.87,0.885
20.2,0.759
30.66,0.632
42.02,0.092
5.96,0.05
11.56,0.236
29.92,0.552
36.72,0.193
7.85,0.114
40.36,0.1
39.51,0.065
38.42,0.204
31.55,0.503
36.58,0.226
19.41,0.731
7.94,0.159
26.94,0.807
17.05,0.537
36.67,0.229
23.72,0.878
22.13,0.785
13.7,0.309
43.13,0.074
26.47,0.937
42.9,0.05
26.23,0.728
25.97,0.92
39.43,0.05
39.55,0.16
29.71,0.745
6.53,0.084
27.18,0.76
23.76,0.798
37.87,0.223
34.28,0.482
11.13,0.133
23.39,0.86
42.45,0.131
12.35,0.285
41.4,0.158
19.97,0.706
25.43,0.832
22.32,0.826
11.65,0.151
39.05,0.228
6.71,0.151
16.63,0.543
40.07,0.05
33.53,0.435
40.52,0.05
39.41,0.131
39.83,0.069
40.67,0.05
44.53,0.05
22.82,0.766
27.85,0.781
28.38,0.744
22.41,0.825
39.3,0.137
7.89,0.089
10.7,0.254
9.73,0.111
18.71,0.673
16.49,0.469
23.85,0.888
21.73,0.816
11.21,0.234
13.33,0.36
12.13,0.372
44.22,0.05
39.39,0.104
30.5,0.62
10.54,0.244
15.42,0.432
20.41,0.869
34.73,0.27
30.14,0.64
26.19,0.899
6.45,0.113
30.48,0.549
11.54,0.266
10.42,0.152
27.77,0.699
36.16,0.335
17.88,0.606
8.17,0.114
23.73,0.877
25.83,0.833
17.36,0.584
42.03,0.134
9.87,0.193
6.17,0.05
40.04,0.104
31.61,0.524
26.58,0.787
20.08,0.796
12.13,0.293
39.16,0.152
5.47,0.05
18.67,0.607
26.93,0.862
41.31,0.12
24.41,0.866
22.38,0.848
41.55,0.12
28.41,0.803
9.69,0.172
30.37,0.529
14.85,0.422
15.66,0.54
29.95,0.629
19.2,0.659
8.85,0.071
15.97,0.595
41.04,0.131
14.6,0.462
32.43,0.538
44.65,0.05
6.51,0.088
41.32,0.186
27.07,0.873
31.34,0.601
19.87,0.713
44.67,0.112
29.76,0.611
14.31,0.388
35.51,0.272
16.07,0.468
26.35,0.871
34.64,0.318
8.64,0.128
44.94,0.05
17.24,0.593
31.07,0.55
42.11,0.05
12.27,0.309
38.19,0.172
12.44,0.304
10.81,0.173
18.94,0.707
16.69,0.546
19.82,0.686
33.85,0.454
33.4,0.338
40.43,0.128
38.64,0.153
30.83,0.616
21.29,0.742
34.72,0.35
27.27,0.777
20.8,0.834
16.68,0.558
40.21,0.156
16.12,0.573
13.67,0.345
15.17,0.365
25.98,0.709
11.58,0.186
33.39,0.458
6.92,0.05
7.57,0.05
25.35,0.82
12.3,0.282
44.67,0.05
18.36,0.59
9.54,0.104
44.23,0.05
33.97,0.466
32.97,0.433
30.26,0.513
11.22,0.268
8.81,0.122
21.75,0.825
34.53,0.383
34.66,0.424
10.78,0.229
35.33,0.353
43.72,0.05
31.03,0.515
7.96,0.099
26.46,0.849
33.66,0.379
19.19,0.745
15.02,0.465
31.93,0.481
26.15,0.86
26.59,0.824
28.79,0.681
6.62,0.104
34.47,0.334
26.5,0.77
15.77,0.42
11.32,0.269
22.37,0.834
15.2,0.499
23.84,0.917
35.66,0.289
14.46,0.449
35.37,0.308
23.17,0.862
20.3,0.809
25.96,0.923
18.73,0.734
11.56,0.242
31.11,0.609
44.61,0.05
17.38,0.611
40.61,0.099
26.29,0.806
31.49,0.537
16.06,0.546
43.57,0.05
10.9,0.146
30.12,0.618
21.33,0.822
33.92,0.383
35.77,0.339
30.67,0.671
15.87,0.508
33.16,0.476
35.05,0.282
27.0,0.807
5.86,0.12
17.41,0.544
39.62,0.101
43.62,0.05
21.7,0.783
29.23,0.695
10.75,0.175
26.43,0.784
44.39,0.055
29.72,0.636
11.07,0.29
35.5,0.278
6.67,0.05
25.71,0.927
6.69,0.05
16.32,0.499
7.02,0.181
33.62,0.37
22.53,0.89
36.88,0.235
40.4,0.113
27.06,0.791
40.88,0.05
12.6,0.279
17.57,0.59
25.0,0.859
40.94,0.138
9.06,0.199
17.65,0.592
30.3,0.657
31.85,0.569
38.95,0.178
34.39,0.38
15.86,0.572
24.88,0.825
9.95,0.186
17.86,0.571
34.25,0.405
13.51,0.346
30.27,0.595
28.67,0.681
11.07,0.196
27.82,0.776
9.82,0.229
28.24,0.696
18.76,0.759
24.02,0.874
42.53,0.073
16.59,0.585
44.35,0.05
44.06,0.147
32.74,0.536
32.84,0.468
36.05,0.305
13.0,0.288
17.89,0.652
18.95,0.615
26.78,0.894
33.11,0.481
8.55,0.116
18.87,0.764
16.62,0.572
13.64,0.341
11.32,0.295
43.53,0.131
38.41,0.141
35.7,0.358
43.08,0.056
38.29,0.159
24.24,0.901
6.91,0.065
26.38,0.843
21.78,0.823
17.68,0.712
35.03,0.414
7.77,0.084
5.94,0.071
9.38,0.25
42.58,0.05
27.48,0.801
20.42,0.876
6.96,0.125
16.94,0.562
11.17,0.273
43.92,0.05
21.71,0.822
43.12,0.05
24.84,0.826
44.5,0.05
23.52,0.826
41.73,0.077
13.17,0.326
43.77,0.05
22.85,0.825
25.84,0.786
30.62,0.602
18.01,0.614
6.03,0.05
18.91,0.789
33.08,0.498
8.4,0.179
8.17,0.066
33.95,0.413
26.66,0.887
27.98,0.781
38.26,0.131
29.21,0.68
12.37,0.244
10.52,0.215
39.19,0.193
9.2,0.122
18.17,0.704
17.56,0.504
41.37,0.05
41.3,0.079
42.64,0.05
22.67,0.904
43.96,0.05
17.07,0.607
22.83,0.938
5.97,0.112
35.36,0.172
22.0,0.796
18.86,0.706
41.23,0.086
9.99,0.209
15.85,0.44
37.72,0.177
31.0,0.598
15.86,0.509
38.59,0.131
26.16,0.803
11.18,0.208
41.89,0.088
21.78,0.876
41.67,0.05
11.37,0.219
12.77,0.335
36.47,0.249
5.98,0.077
16.58,0.5
28.01,0.781
33.11,0.413
14.07,0.384
31.5,0.564
39.84,0.157
34.76,0.361
42.51,0.05
34.54,0.444
28.28,0.757
26.7,0.739
24.02,0.878
27.55,0.8
9.42,0.185
44.49,0.05
42.99,0.122
12.43,0.292
43.57,0.062
15.04,0.455
40.11,0.073
34.83,0.333
30.82,0.61
27.32,0.825
17.18,0.623
31.11,0.641
12.19,0.271
36.95,0.219
15.3,0.494
12.0,0.218
32.57,0.467
31.81,0.534
14.58,0.517
27.79,0.821
20.49,0.735
28.46,0.706
14.87,0.465
21.92,0.898
26.14,0.766
10.04,0.122
23.97,0.892
35.11,0.364
23.04,0.835
25.95,0.785
34.5,0.303
12.18,0.331
29.02,0.59
20.22,0.814
40.59,0.192
24.35,0.768
20.93,0.821
41.53,0.129
11.37,0.167
27.11,0.856
29.62,0.69
30.98,0.705
32.7,0.457
40.82,0.114
5.1,0.083
17.63,0.602
43.17,0.07
42.83,0.106
16.18,0.522
43.08,0.05
10.13,0.215
14.34,0.384
32.18,0.514
7.24,0.105
8.08,0.204
6.62,0.05
16.47,0.48
16.95,0.549
31.35,0.547
20.86,0.843
30.46,0.653
22.7,0.778
16.38,0.632
43.9,0.05
39.82,0.182
18.79,0.629
37.68,0.178
27.14,0.778
31.13,0.572
5.6,0.168
15.38,0.417
11.48,0.263
37.19,0.205
7.35,0.05
41.73,0.063
27.62,0.782
29.64,0.718
37.58,0.206
19.56,0.697
10.69,0.264
31.18,0.634
23.57,0.891
19.31,0.734
8.45,0.165
27.87,0.695
14.77,0.495
34.32,0.32
27.89,0.767
33.04,0.504
7.47,0.154
28.94,0.693
12.37,0.336
12.04,0.316
7.39,0.156
26.18,0.742
38.52,0.116
13.2,0.311
40.17,0.129
14.94,0.364
40.94,0.106
34.03,0.456
14.49,0.427
15.93,0.493
43.49,0.05
44.11,0.092
23.58,0.808
8.1,0.105
29.98,0.624
14.72,0.43
35.41,0.282
14.35,0.43
29.57,0.72
7.99,0.184
29.04,0.73
12.39,0.316
7.36,0.102
14.26,0.367
22.69,0.853
24.63,0.808
34.15,0.398
30.98,0.626
21.08,0.841
22.4,0.812
14.85,0.412
13.72,0.329
22.26,0.886
8.86,0.132
16.7,0.603
37.44,0.224
44.44,0.05
44.86,0.05
6.17,0.05
44.53,0.111
7.68,0.158
11.58,0.219
37.64,0.171
42.55,0.05
19.24,0.758
32.66,0.458
30.46,0.582
39.49,0.07
7.22,0.152
8.76,0.112
34.17,0.408
44.54,0.05
24.49,0.783
23.74,0.736
18.11,0.671
38.31,0.2
15.1,0.501
29.96,0.666
29.96,0.572
34.07,0.435
20.82,0.744
42.96,0.05
38.99,0.16
36.17,0.275
40.74,0.167
31.19,0.548
41.89,0.131
38.19,0.101
6.34,0.08
38.04,0.196
6.4,0.123
19.33,0.755
36.3,0.241
7.26,0.053
12.53,0.322
22.23,0.913
40.71,0.05
20.6,0.726
10.73,0.163
33.55,0.403
15.1,0.513
17.84,0.578
22.5,0.767
18.06,0.685
40.84,0.138
33.72,0.43
16.72,0.563
16.45,0.526
33.33,0.475
8.68,0.116
5.16,0.068
25.92,0.889
39.96,0.065
21.32,0.905
8.73,0.145
11.46,0.184
5.41,0.099
9.88,0.127
16.5,0.503
19.12,0.659
11.38,0.285
21.94,0.854
37.92,0.246
35.97,0.353
39.4,0.128
23.48,0.908
30.9,0.646
24.54,0.781
20.91,0.786
39.82,0.062
5.24,0.05
38.27,0.164
39.18,0.095
16.52,0.543
11.22,0.144
23.88,0.829
16.11,0.45
12.59,0.26
35.72,0.235
26.06,0.853
43.83,0.05
36.22,0.321
14.83,0.459
13.89,0.438
8.3,0.123
14.83,0.337
28.45,0.667
18.2,0.65
43.2,0.06
12.87,0.366
24.24,0.882
14.28,0.44
15.49,0.459
37.34,0.245
6.7,0.079
30.57,0.618
28.19,0.684
21.34,0.785
26.58,0.832
18.95,0.694
6.47,0.05
34.8,0.431
11.29,0.184
9.34,0.128
36.91,0.175
19.21,0.623
13.94,0.37
6.81,0.126
22.03,0.861
24.35,0.821
33.04,0.394
15.36,0.454
6.33,0.098
7.89,0.148
38.79,0.163
15.74,0.507
33.34,0.367
6.67,0.127
11.03,0.202
13.9,0.378
37.24,0.296
25.82,0.847
14.6,0.379
38.37,0.156
5.16,0.065
18.0,0.596
22.32,0.797
20.19,0.769
37.95,0.192
37.34,0.207
28.83,0.726
30.08,0.614
14.08,0.314
8.76,0.102
29.52,0.75
38.39,0.199
31.76,0.568
40.01,0.125
22.46,0.938
26.54,0.83
19.43,0.621
19.31,0.704
14.42,0.405
27.86,0.762
30.82,0.662
33.51,0.388
28.71,0.708
39.21,0.241
17.71,0.583
25.99,0.782
12.38,0.306
36.89,0.233
29.29,0.66
17.49,0.589
43.73,0.05
31.6,0.576
8.25,0.236
8.04,0.204
19.85,0.662
44.44,0.05
18.86,0.675
39.44,0.05
5.59,0.05
23.27,0.775
22.27,0.825
15.09,0.409
30.43,0.48
20.08,0.723
37.9,0.202
42.55,0.086
16.81,0.548
22.91,0.827
28.53,0.661
20.61,0.775
7.06,0.088
36.4,0.345
28.4,0.701
10.89,0.184
11.34,0.214
6.87,0.078
32.66,0.513
41.56,0.076
35.57,0.246
11.1,0.228
19.67,0.688
38.73,0.284
34.54,0.383
6.72,0.152
38.33,0.15
42.21,0.066
42.14,0.108
17.54,0.71
20.98,0.759
22.72,0.871
35.78,0.338
33.33,0.485
17.1,0.594
34.03,0.399
28.7,0.751
8.86,0.168
8.0,0.141
20.21,0.746
28.76,0.687
36.74,0.258
20.43,0.776
9.73,0.191
37.23,0.129
14.56,0.386
37.04,0.239
22.98,0.759
12.87,0.386
35.34,0.345
37.0,0.256
27.15,0.814
24.92,0.764
28.76,0.667
7.07,0.05
34.55,0.365
33.12,0.449
28.14,0.642
21.52,0.798
34.06,0.411
18.51,0.561
19.84,0.746
21.83,0.822
23.99,0.865
28.08,0.771
17.12,0.681
40.73,0.05
28.36,0.713
36.81,0.274
43.1,0.05
9.97,0.147
14.95,0.526
7.21,0.1
23.67,0.95
31.1,0.65
28.28,0.793
12.45,0.244
13.32,0.384
30.19,0.638
19.15,0.605
6.96,0.107
7.48,0.086
43.77,0.05
24.86,0.815
22.36,0.839
26.45,0.767
15.92,0.495
6.21,0.07
36.81,0.242
24.03,0.856
44.46,0.059
44.53,0.05
5.71,0.05
6.54,0.122
27.34,0.807
11.74,0.229
22.98,0.842
19.48,0.727
32.47,0.553
10.96,0.194
22.47,0.79
18.31,0.68
30.54,0.571
15.13,0.542
35.23,0.217
8.19,0.132
35.05,0.273
7.61,0.194
31.67,0.529
36.53,0.14
9.03,0.12
20.14,0.764
32.96,0.464
33.98,0.415
6.42,0.125
9.22,0.229
22.93,0.864
38.85,0.253
28.15,0.772
13.36,0.282
34.16,0.386
17.77,0.623
19.86,0.784
10.54,0.184
17.31,0.671
20.68,0.854
36.4,0.238
39.15,0.095
31.66,0.557
38.31,0.236
11.67,0.181
33.36,0.413
40.39,0.05
40.39,0.094
9.13,0.23
44.15,0.109
12.45,0.26
27.87,0.746
25.14,0.817
20.82,0.834
16.26,0.536
30.13,0.634
41.94,0.05
6.94,0.087
24.12,0.914
22.58,0.82
41.32,0.05
31.49,0.676
18.89,0.662
25.62,0.846
16.12,0.54
9.84,0.195
27.0,0.83
42.16,0.05
5.07,0.05
10.27,0.195
6.53,0.05
21.26,0.802
42.06,0.091
32.02,0.507
10.91,0.236
9.17,0.142
23.51,0.846
12.01,0.28
8.51,0.143
15.22,0.476
38.58,0.112
40.91,0.1
18.03,0.686
6.54,0.05
32.06,0.462
15.08,0.529
36.22,0.308
29.55,0.64
23.56,0.916
37.33,0.242
11.66,0.254
20.86,0.78
33.78,0.344
27.51,0.784
20.23,0.786
33.75,0.446
42.01,0.05
32.11,0.504
38.4,0.181
28.99,0.738
18.08,0.684
11.24,0.147
13.47,0.317
20.35,0.665
9.73,0.12
5.74,0.132
40.48,0.134
33.99,0.289
15.45,0.533
16.4,0.494
20.36,0.757
11.48,0.379
24.12,0.943
6.29,0.105
23.14,0.841
24.46,0.861
33.15,0.357
18.92,0.74
19.48,0.682
38.04,0.207
27.22,0.703
35.74,0.209
43.16,0.072
12.53,0.311
32.25,0.553
37.39,0.25
39.13,0.111
41.08,0.086
25.9,0.748
40.59,0.157
36.59,0.217
33.46,0.378
20.78,0.836
31.37,0.515
20.67,0.831
44.22,0.05
7.91,0.134
35.19,0.327
36.14,0.273
39.98,0.113
41.87,0.166
33.34,0.474
25.6,0.874
16.87,0.589
20.57,0.746
41.31,0.149
33.66,0.474
37.89,0.201
44.83,0.073
39.33,0.158
37.18,0.184
42.74,0.068
19.96,0.695
43.2,0.052
35.2,0.261
18.38,0.706
8.86,0.148
22.33,0.784
30.76,0.671
25.87,0.708
15.0,0.452
43.65,0.092
17.53,0.63
9.32,0.134
21.91,0.819
17.64,0.563
19.37,0.717
11.08,0.197
42.43,0.112
42.95,0.074
25.69,0.822
42.27,0.05
10.64,0.228
7.13,0.068
35.38,0.228
16.88,0.523
32.46,0.484
17.4,0.667
12.91,0.375
14.52,0.304
42.85,0.05
14.6,0.376
24.4,0.826
33.97,0.374
14.45,0.41
6.86,0.125
38.18,0.189
43.88,0.05
33.87,0.491
37.44,0.246
7.82,0.151
6.65,0.058
15.34,0.463
16.7,0.636
25.96,0.827
33.52,0.434
17.59,0.604
25.22,0.785
12.26,0.318
5.63,0.05
30.34,0.644
44.26,0.176
14.4,0.311
39.18,0.145
42.32,0.05
30.59,0.571
33.89,0.46
12.06,0.239
11.18,0.198
25.12,0.834
35.21,0.38
24.83,0.835
6.88,0.05
33.28,0.573
11.27,0.165
15.69,0.495
43.51,0.056
15.38,0.533
26.52,0.759
28.81,0.762
38.52,0.105
38.52,0.132
31.93,0.531
15.44,0.479
29.4,0.76
40.34,0.101
6.04,0.05
28.13,0.765
18.08,0.663
22.09,0.809
28.76,0.674
11.34,0.263
10.22,0.17
35.93,0.237
9.88,0.151
12.87,0.226
16.46,0.52
24.82,0.9
5.77,0.068
9.36,0.225
28.91,0.694
38.31,0.18
44.16,0.05
35.54,0.357
37.84,0.283
31.91,0.536
15.63,0.439
27.96,0.799
28.13,0.703
38.23,0.157
14.13,0.366
8.47,0.115
19.82,0.7
35.74,0.29
39.79,0.241
20.89,0.776
25.3,0.814
39.53,0.104
30.55,0.589
41.79,0.069
35.29,0.285
5.27,0.178
30.41,0.605
44.81,0.05
7.78,0.073
16.24,0.509
11.86,0.383
19.22,0.669
20.71,0.802
16.82,0.515
18.72,0.75
41.14,0.068
13.22,0.385
37.72,0.219
8.49,0.153
25.22,0.895
7.54,0.158
34.79,0.392
43.61,0.056
36.44,0.21
31.97,0.674
12.72,0.353
27.89,0.808
27.08,0.791
38.62,0.12
10.37,0.225
29.15,0.547
8.82,0.122
23.33,0.946
26.27,0.787
13.87,0.374
17.75,0.664
19.17,0.805
18.75,0.664
40.48,0.119
26.78,0.744
26.03,0.812
29.46,0.584
37.1,0.204
20.62,0.862
23.5,0.78
16.66,0.567
28.59,0.7
34.04,0.416
17.48,0.651
11.83,0.284
32.45,0.447
30.91,0.628
5.22,0.05
28.07,0.68
22.33,0.878
41.62,0.104
5.16,0.053
39.31,0.106
14.27,0.441
37.0,0.206
12.77,0.306
21.19,0.811
28.46,0.77
8.34,0.104
6.98,0.093
21.66,0.834
23.37,0.836
34.11,0.429
39.26,0.138
25.16,0.852
28.29,0.729
24.31,0.861
20.35,0.695
39.77,0.145
20.04,0.697
38.09,0.176
17.9,0.628
9.38,0.152
16.12,0.532
10.65,0.246
9.37,0.15
19.37,0.747
28.32,0.639
11.19,0.164
20.21,0.746
19.2,0.656
39.14,0.217
40.39,0.05
28.6,0.803
6.51,0.05
37.42,0.241
22.25,0.849
12.56,0.37
5.23,0.126
5.46,0.05
38.65,0.109
17.58,0.667
14.14,0.399
26.81,0.814
29.82,0.625
34.03,0.347
17.98,0.572
27.57,0.72
5.43,0.064
41.61,0.05
5.3,0.132
14.02,0.44
29.75,0.617
43.62,0.05
14.95,0.469
26.77,0.808
40.95,0.126
10.66,0.207
10.99,0.208
17.67,0.563
10.21,0.168
35.2,0.341
43.52,0.05
13.62,0.342
24.01,0.883
38.85,0.071
17.14,0.519
18.04,0.705
36.39,0.29
23.29,0.867
15.68,0.463
12.3,0.308
13.52,0.33
42.2,0.05
26.64,0.807
34.28,0.299
41.71,0.133
24.55,0.81
18.17,0.569
14.68,0.358
8.29,0.101
6.21,0.062
26.83,0.876
24.97,0.879
18.15,0.608
19.95,0.775
28.78,0.751
25.55,0.737
26.4,0.771
20.95,0.822
20.8,0.848
16.55,0.58
21.55,0.694
8.88,0.136
43.83,0.05
34.66,0.331
9.15,0.212
34.48,0.34
21.77,0.827
35.16,0.38
38.55,0.11
31.87,0.446
16.83,0.578
44.71,0.103
30.09,0.78
35.18,0.326
17.85,0.676
5.14,0.056
37.15,0.185
38.06,0.147
35.59,0.253
22.51,0.813
18.54,0.741
34.68,0.364
5.64,0.14
39.27,0.082
11.1,0.276
15.28,0.546
30.17,0.607
21.29,0.797
24.88,0.853
30.63,0.552
14.38,0.348
17.65,0.644
16.41,0.498
28.06,0.739
41.55,0.096
14.16,0.453
20.25,0.741
8.44,0.178
23.45,0.851
44.73,0.05
24.29,0.834
27.27,0.801
24.35,0.898
14.4,0.391
15.57,0.462
36.73,0.257
14.1,0.254
11.13,0.133
20.46,0.802
43.01,0.075
27.88,0.825
26.89,0.737
16.16,0.459
32.45,0.528
28.51,0.734
19.75,0.794
27.74,0.779
21.99,0.826
18.56,0.552
12.64,0.28
41.51,0.05
27.17,0.773
6.81,0.053
26.04,0.823
25.5,0.818
21.97,0.825
34.28,0.368
35.21,0.277
27.36,0.763
24.03,0.853
38.9,0.092
35.93,0.292
15.22,0.479
10.97,0.231
23.1,0.753
16.05,0.599
31.6,0.506
31.66,0.462
17.89,0.607
27.7,0.701
7.41,0.05
27.86,0.74
31.8,0.637
27.89,0.809
9.9,0.249
32.44,0.503
14.82,0.408
25.18,0.821
37.88,0.13
34.06,0.32
14.66,0.336
5.73,0.072
26.83,0.769
35.15,0.338
16.21,0.423
28.25,0.809
12.13,0.267
33.44,0.394
43.14,0.05
34.88,0.309
10.68,0.181
25.6,0.781
43.6,0.05
15.27,0.516
21.38,0.782
29.58,0.693
21.78,0.823
21.62,0.792
24.32,0.81
